USE master;
DROP DATABASE IF EXISTS aprendamais; 
CREATE DATABASE  /*IF NOT EXISTS*/ aprendamais /*!40100 DEFAULT CHARACTER SET latin1 */;
USE aprendamais;
-- MySQL dump 10.13  Distrib 5.7.12, for Win64 (x86_64)
--
-- Host: 127.0.0.1    Database: aprendamais
-- ------------------------------------------------------
-- Server version	5.6.15-log

/*!40101 SET @OLD_CHARACTER_SET_CLIENT=@@CHARACTER_SET_CLIENT */;
/*!40101 SET @OLD_CHARACTER_SET_RESULTS=@@CHARACTER_SET_RESULTS */;
/*!40101 SET @OLD_COLLATION_CONNECTION=@@COLLATION_CONNECTION */;
/*!40101 SET NAMES utf8 */;
/*!40103 SET @OLD_TIME_ZONE=@@TIME_ZONE */;
/*!40103 SET TIME_ZONE='+00:00' */;
/*!40014 SET @OLD_UNIQUE_CHECKS=@@UNIQUE_CHECKS, UNIQUE_CHECKS=0 */;
/*!40014 SET @OLD_FOREIGN_KEY_CHECKS=@@FOREIGN_KEY_CHECKS, FOREIGN_KEY_CHECKS=0 */;
/*!40101 SET @OLD_SQL_MODE=@@SQL_MODE, SQL_MODE='NO_AUTO_VALUE_ON_ZERO' */;
/*!40111 SET @OLD_SQL_NOTES=@@SQL_NOTES, SQL_NOTES=0 */;

--
-- Table structure for table alternativaprova
--

DROP TABLE IF EXISTS alternativaprova;
/*!40101 SET @saved_cs_client     = @@character_set_client */;
/*!40101 SET character_set_client = utf8 */;
CREATE TABLE alternativaprova (
  resp_certa char(1) DEFAULT NULL,
  id_alternativaprova int NOT NULL IDENTITY,
  id_pergunta int NOT NULL,
  A varbinary(MAX) NOT NULL,
  B varbinary(MAX) NOT NULL,
  C varbinary(MAX),
  D varbinary(MAX),
  E varbinary(MAX),
  PRIMARY KEY (id_alternativaprova)
)  ;
/*!40101 SET character_set_client = @saved_cs_client */;

--
-- Dumping data for table alternativaprova
--

--LOCK TABLES alternativaprova WRITE;
/*!40000 ALTER TABLE alternativaprova DISABLE KEYS */;
--INSERT INTO alternativaprova VALUES ('A',1,1,'O transporte público exige medidas técnicas e administrativas, além de cuidado com a paisagem urbana.','As pessoas contrárias à instalação da estação do metrô são movidas por preconceito.','Os paulistanos constroem o espaço onde vivem de modo a se isolarem das adversidades sociais.','As experiências de transporte público de outras cidades poderiam ser adotadas em São Paulo.','A instalação de linhas de ônibus e de metrô deve propiciar o desenvolvimento da área em que se encontram. '),('B',2,2,'o isolamento em condomínios fechados é preferível para eles.','o poder público não desmentiu a possível degradação do espaço público com a instalação do metrô.','a chegada de transporte de massas não traria melhoria para a região.','não há público para o uso dessa linha de metrô.','eles usam mais seus carros e não necessitam do metrô. '),('C',3,3,'O transporte de massas em São Paulo pode degradar a paisagem urbana.','Os pontos de ônibus do corredor da Rebouças dificultam o trânsito','Em Istambul, as estações de monotrilho não reduziram os espaços para os carros.','Numa cidade de 16 milhões de habitantes em um país emergente não se espera o cuidado com os abrigos, bancos e iluminação.','A criação de corredores de ônibus bem asfaltados e servidos por diversas linhas é condição necessária, mas não suficiente.'),('D',4,4,'[...] à parte o gosto exacerbado dos paulistanos por levantar muros. (linha 5)','[...] a avenida ficou menos tétrica, quase bonita. (linha 16)','[...] a imagem do engarrafamento e da bagunça vira um desastre de relações públicas. (linhas 18 e 19)','Em Istambul, monotrilhos foram instalados no nível da rua, como os “trams” das cidades alemãs e suíças. (linhas 20 e 21)','Se forem como os antigos bondes, ótimo. (linha 27) '),('A',5,5,'Brasil real. (linha 6)','poder público. (linha 6)','relações públicas. (linhas 18 e 19)','motoristas. (linha 24)','moradores. (linha 28)'),('D',6,7,'I e II.','I e III.','II.','II e III','III.'),('C',7,8,'[...] a abertura de uma estação de metrô na avenida Angélica traria “gente diferenciada” ao bairro. (linhas 1 e 2','[...] a escuridão afugenta pessoas à noite [...]. (linhas 12 e 13)','A instalação de linhas de monotrilho ou de corredores de ônibus precisa vitaminar uma área [...]. (linha 14)','Quando as grades da Nove de Julho foram retiradas, a avenida ficou menos tétrica [...]. (linha 16)','[...] a imagem do engarrafamento e da bagunça vira um desastre de relações públicas. (linha 18 e 19)'),('D',8,9,'“Só ando de metrô em Paris, Nova York e Londres” (cartaz que integrava uma manifestação contra a mudança da futura estação do metrô da avenida Angélica para a avenida Pacaembu).','“Nós queremos o metrô sim. Mas ele tem que ser condizente com o nível do bairro. Portanto, exigimos uma ligação direta com Alphaville, Morumbi e Veneza, na Itália.” (frase de um participante de uma manifestação contra a mudança da futura estação do metrô da avenida Angélica para a avenida Pacaembu).','“É tão fácil resolver problema, gente: faz uma entrada social e uma de serviço.” (Luísa Tieppo, no Twitter)','“Eu não uso metrô e não usaria. Isso vai acabar com a tradição do bairro. Você já viu o tipo de gente que fica ao redor das estações do metrô? Drogados, mendigos, uma gente diferenciada.” (moradora de Higienópolis, em reportagem da Folha, 13/08/2010).','“Não se esqueçam dos sacos de lixo. Somos diferenciados, mas somos limpinhos” (convite virtual divulgado no Facebook para o “Churrascão da Gente Diferenciada”, uma manifestação contra a mudança da futura estação do metrô da avenida Angélica para a avenida Pacaembu).'),('B',9,10,'sugerirem dietas amalucadas.','fornecerem soluções equivocadas para os anseios das mulheres da classe C','levarem muito a sério as pesquisas sobre as mulheres da classe C.','sugerirem às possíveis leitoras terem seus próprios negócios.','terem como principal preocupação o consumo.'),('C',10,11,'I e II','I e III','II e III','II e IV','III e IV'),('A',11,12,'Hoje, com a Internet, é facílimo, está ao alcance da vista de quase todo mundo. (linha 10)','[...] a editora oferece o produto – a revista – ao mercado de anunciantes. Normal. (linha 16)','Estão confundindo a classe C com passarinho, só pode. (linha 21)','[...] tipo uma parede toda de filtros de café usados. [...]. (linhas 23 e 24)','Dicas culturais de leitura, filmes, música, então, nem pensar. (linha 27)'),('B',12,13,'I','I e II.','II.','II e III','III'),('C',13,14,'a alienação da população em geral.','o descaso dos mais ricos pelos mais pobres.','questões que envolvem classes sociais.','a passividade dos mais pobres.','a convivência entre as pessoas de diferentes estratos sociais.'),('A',14,15,'I e II','I e III','II e III.','II e IV','III e IV'),('E',15,16,'espécies do mundo natural','nativos e a natureza','índios e escravos','tribos indígenas','colonizador e nativos.'),('D',16,17,'I.','I e II.','I e III','II','II e III'),('D',17,18,'amorosa.','social.','física','existencial.','imaginária.'),('B',18,19,'o escape da visão lírico-amorosa','a apresentação de problemas existenciais.','a inovação da linguagem literária','a apresentação de problemas sociais.','a ironia ao sistema econômico-social.'),('E',19,20,'I e II, apenas','II, apenas','II e III, apenas','III, apenas','todas'),('E',20,21,'I e II, apenas.','I e III, apenas','II, apenas','II e III, apenas','todas.'),('C',21,22,'fully.','by','ness','ful','lessly'),('B',22,23,'essentially compassion.','walking in another’s shoes','an admirable trait.','a band-aid on more systemic problems.','societal and educational issues.'),('E',23,24,'é difícil incluir os alunos de ensino médio nos empathy training programs, por serem mais velhos e demandarem uma abordagem diferenciada.','o componente mais importante na empatia é a relação familiar.','simpatia está estritamente relacionada à empatia.','é inútil trabalhar o conceito de empatia anteriormente à pré-adolescência.','há, provavelmente, fatores mais determinantes para a prática de bullying do que a falta de empatia.'),('B',24,25,'embora atraia a atenção de poetas, artistas e filósofos é explorada, mais especificamente, por matemáticos e cientistas','tem propiciado discussões e descobertas desde a antiguidade.','é sempre relacionada a grandes números.','deixou de ser ilusória a partir do método desenvolvido por Arquimedes.','foi abordada, de forma semelhante, por diferentes campos do saber'),('D',25,26,'os paradoxos de Zeno são os que despertam maior perplexidade nos leitores.','Aristóteles defendeu a existência de infinito potencial, em contraposição à ideia vigente de um infinito real e outro potencial.','Galileu, trabalhando com pontos e segmentos, conseguiu provar a existência do infinito.','o grande número de grãos de areia na praia e de estrelas no céu conferia sensação de infinito aos povos da antiguidade.','eles resultam das contradições acerca do tema'),('B',26,27,'Kurzweil está convencido de que os novos computadores poderão conduzir nossa mente e nosso corpo.','é possível que, num futuro próximo, supercomputadores se desenvolvam independentemente de seus criadores humanos','Kurzweil acredita que o fim da civilização humana poderá acontecer em 35 anos.','computadores, cada vez mais rápidos, igualar-se-ão ao cérebro humano.','a Ciência da Computação ocupa-se, atualmente, do desenvolvimento de superinteligências.'),('D',27,28,'whatever it is our brains are doing.','all bets are off.','Kurzweil and a lot of other very smart people can.','if you can swallow that idea.','they would keep on developing.'),('C',28,29,'far away','incredible.','much.','distant','many.'),('A',29,30,'led – leading. ','leader – led. ','leading – led. ','led – leader.','leader – leading'),('A',30,31,'Serviços e produtos oferecidos pelo GE Capital são sustentáveis e ecologicamente corretos.','Dentre os serviços e produtos oferecidos pelo anunciante constam refeições preparadas com legumes produzidos organicamente.','A GE Capital oferece a seus clientes um cardápio nutritivo e balanceado.','A GE Capital só estabelece parceria com empresas que priorizam o desenvolvimento sustentável.','Apenas veículos movidos a biocombustível são admitidos na frota da GE Capital.'),('B',31,32,'há tempos a empresa investe no suprimento de sua necessidade de transporte','as necessidades de transporte a longo prazo da empresa.','o suprimento da necessidade de um serviço de transporte contínuo e eficaz para a empresa','a empresa firma contratos de longo prazo para suprir sua necessidade de transporte.','a empresa precisa de transporte a longo prazo'),('E',32,33,'Cardápios nutritivos.','Assistência ao produtor agrícola.','Locação de veículos. ','Serviços de logística. ','Soluções financeiras.'),('A',33,34,'há particularidades no modo de agir da ISI que o autor nunca viu em organizações semelhantes','a ISI trata com virulência a questão do antiamericanismo para que ele não contamine suas fileiras.','Bloodmoney é uma novela encenada, em grande parte, no Paquistão.','as operações da ISI e da CIA, no Paquistão, fugiram de controle.','o autor é correspondente jornalístico no Paquistão.'),('A',34,35,'contraditória.','corporativa','terrorista.','cooperativa.','autoritária'),('C',35,36,'mistrustful','challenged','irritated','worried','encouraged'),('E',36,37,'é sinônimo de eventualities.','pode ser entendida como desgastes.','expressa uma relação de causa e consequência.','é o mesmo que ataques.','pode ser substituida por losses.'),('E',37,38,'seguramente carrega consigo alguma culpa.','se autocondena ao tentar explicar-se. ','se responsabiliza pela própria defesa. ','se defende de uma acusação formal.','está farto de defender-se do que não faz.'),('B',38,39,'mentira tem perna curta.','o tiro saiu pela culatra.','para bom entendedor, meia palavra basta.','prevenir é melhor que remediar.','uma mão lava a outra.'),('B',39,40,'alegou ter sido severamente torturado.','foi preso devido a um recrudescimento da repressão na China','embarcou num voo para Hong Kong.','foi preso por incitar uma revolução nos moldes da tunisiana.','foi quem projetou o estádio olímpico de Pequim.'),('B',40,41,'Liu Xiaobo foi preso em 3 de abril no aeroporto de Pequim.','houve, na China, incitação à revolução via Internet.','Ai Weiwei é o mais proeminente dissidente chinês.','a prisão domiciliar é prática frequente em território chinês.','Ai Weiwei faz críticas veladas ao regime vigente.');
/*!40000 ALTER TABLE alternativaprova ENABLE KEYS */;
--UNLOCK TABLES;

--
-- Table structure for table aluno
--

DROP TABLE IF EXISTS aluno;
/*!40101 SET @saved_cs_client     = @@character_set_client */;
/*!40101 SET character_set_client = utf8 */;
CREATE TABLE aluno (
  nome varchar(30) NOT NULL,
  nascimento date NOT NULL,
  sexo char(1) DEFAULT NULL,
  area varchar(15) NOT NULL,
  id_aluno int NOT NULL IDENTITY,
  escola varchar(30) NOT NULL,
  PRIMARY KEY (id_aluno)
) ;
/*!40101 SET character_set_client = @saved_cs_client */;

--
-- Dumping data for table aluno
--

--LOCK TABLES aluno WRITE;
/*!40000 ALTER TABLE aluno DISABLE KEYS */;
/*!40000 ALTER TABLE aluno ENABLE KEYS */;
--UNLOCK TABLES;

--
-- Table structure for table avaliacao
--

DROP TABLE IF EXISTS avaliacao;
/*!40101 SET @saved_cs_client     = @@character_set_client */;
/*!40101 SET character_set_client = utf8 */;
CREATE TABLE avaliacao (
  nota int DEFAULT '0',
  id_aluno int NOT NULL,
  id_avaliacao int NOT NULL IDENTITY,
  dia date DEFAULT NOT NULL,
  PRIMARY KEY (id_avaliacao)
) ;
/*!40101 SET character_set_client = @saved_cs_client */;

--
-- Dumping data for table avaliacao
--

--LOCK TABLES avaliacao WRITE;
/*!40000 ALTER TABLE avaliacao DISABLE KEYS */;
/*!40000 ALTER TABLE avaliacao ENABLE KEYS */;
--UNLOCK TABLES;

--
-- Table structure for table contem
--

DROP TABLE IF EXISTS contem;
/*!40101 SET @saved_cs_client     = @@character_set_client */;
/*!40101 SET character_set_client = utf8 */;
CREATE TABLE contem (
  id_pergunta int NOT NULL,
  id_avaliacao int NOT NULL
) ;
/*!40101 SET character_set_client = @saved_cs_client */;

--
-- Dumping data for table contem
--

--LOCK TABLES contem WRITE;
/*!40000 ALTER TABLE contem DISABLE KEYS */;
/*!40000 ALTER TABLE contem ENABLE KEYS */;
--UNLOCK TABLES;

--
-- Table structure for table de
--

DROP TABLE IF EXISTS de;
/*!40101 SET @saved_cs_client     = @@character_set_client */;
/*!40101 SET character_set_client = utf8 */;
CREATE TABLE de (
  id_universidade int NOT NULL,
  id_avaliacao int NOT NULL
) ;
/*!40101 SET character_set_client = @saved_cs_client */;

--
-- Dumping data for table de
--

--LOCK TABLES de WRITE;
/*!40000 ALTER TABLE de DISABLE KEYS */;
/*!40000 ALTER TABLE de ENABLE KEYS */;
--UNLOCK TABLES;

--
-- Table structure for table disciplina
--

DROP TABLE IF EXISTS disciplina;
/*!40101 SET @saved_cs_client     = @@character_set_client */;
/*!40101 SET character_set_client = utf8 */;
CREATE TABLE disciplina (
  id_disciplina int NOT NULL IDENTITY,
  nome varchar(10) DEFAULT NULL,
  PRIMARY KEY (id_disciplina)
) ;
/*!40101 SET character_set_client = @saved_cs_client */;

--
-- Dumping data for table disciplina
--

--LOCK TABLES disciplina WRITE;
/*!40000 ALTER TABLE disciplina DISABLE KEYS */;
INSERT INTO disciplina (nome) VALUES ('Matematica'),('Portugues'),('Quimica'),('Fisica'),('Biologia'),('Historia'),('Geografia'),('Ingles'),('Espanhol');
/*!40000 ALTER TABLE disciplina ENABLE KEYS */;
--UNLOCK TABLES;

--
-- Table structure for table ede
--

DROP TABLE IF EXISTS ede;
/*!40101 SET @saved_cs_client     = @@character_set_client */;
/*!40101 SET character_set_client = utf8 */;
CREATE TABLE ede (
  id_universidade int NOT NULL,
  id_pergunta int NOT NULL
) ;
/*!40101 SET character_set_client = @saved_cs_client */;

--
-- Dumping data for table ede
--

--LOCK TABLES ede WRITE;
/*!40000 ALTER TABLE ede DISABLE KEYS */;
/*!40000 ALTER TABLE ede ENABLE KEYS */;
--UNLOCK TABLES;

--
-- Table structure for table faz
--

DROP TABLE IF EXISTS faz;
/*!40101 SET @saved_cs_client     = @@character_set_client */;
/*!40101 SET character_set_client = utf8 */;
CREATE TABLE faz (
  id_avaliacao int NOT NULL,
  id_aluno int NOT NULL
) ;
/*!40101 SET character_set_client = @saved_cs_client */;

--
-- Dumping data for table faz
--

--LOCK TABLES faz WRITE;
/*!40000 ALTER TABLE faz DISABLE KEYS */;
/*!40000 ALTER TABLE faz ENABLE KEYS */;
--UNLOCK TABLES;

--
-- Table structure for table fazparte
--

DROP TABLE IF EXISTS fazparte;
/*!40101 SET @saved_cs_client     = @@character_set_client */;
/*!40101 SET character_set_client = utf8 */;
CREATE TABLE fazparte (
  id_perguntaprova int NOT NULL,
  id_pergunta int NOT NULL
) ;
/*!40101 SET character_set_client = @saved_cs_client */;

--
-- Dumping data for table fazparte
--

--LOCK TABLES fazparte WRITE;
/*!40000 ALTER TABLE fazparte DISABLE KEYS */;
/*!40000 ALTER TABLE fazparte ENABLE KEYS */;
--UNLOCK TABLES;

--
-- Table structure for table pergunta
--

DROP TABLE IF EXISTS pergunta;
/*!40101 SET @saved_cs_client     = @@character_set_client */;
/*!40101 SET character_set_client = utf8 */;
CREATE TABLE pergunta (
  id_pergunta int NOT NULL IDENTITY,
  id_disciplina int NOT NULL,
  id_universidade int NOT NULL,
  texto_pergunta text NOT NULL,
  figura varbinary(MAX),
  PRIMARY KEY (id_pergunta)
)  ;
/*!40101 SET character_set_client = @saved_cs_client */;

--
-- Dumping data for table pergunta
--

--LOCK TABLES pergunta WRITE;
/*!40000 ALTER TABLE pergunta DISABLE KEYS */;
--INSERT INTO pergunta VALUES (1,2,1,'Todas as opções abaixo estão respaldadas no texto. Assinale a que contém a ideia central',NULL),(2,2,1,'O fato de parte de moradores de Higienópolis recusar a instalação de uma nova estação de metrô na avenida Angélica é justificável, uma vez que ',NULL),(3,2,1,'Assinale a opção que NÃO se pode pressupor do texto. ',NULL),(4,2,1,'No texto, o segmento que NÃO expressa uma avaliação do autor é ',NULL),(5,2,1,'No texto, “gente diferenciada” é equivalente a ',NULL),(7,2,1,' Leia os seguintes enunciados: \n \nI.	Partindo de um fato noticioso – a reação de moradores diante da intenção da Prefeitura de São Paulo em construir uma estação do metrô na Avenida Angélica –, o autor questiona a eficiência do transporte público na cidade. \nII.	Para o autor, a valorização do transporte coletivo urbano está atrelada a aspectos estruturais e arquitetônicos das estações de metrô e pontos de ônibus. \nIII.	A informação sobre o número de habitantes da cidade de Istambul e a comparação do Brasil com a Turquia permitem que o leitor avalie a possibilidade de iniciativas para a melhoria do transporte coletivo em São Paulo. \n \n \nEstá correto o que se afirma apenas em \n',NULL),(8,2,1,' Em sentido amplo, a relação de causa e efeito nem sempre é estabelecida por conectores (porque, visto que, já que, pois etc). Outros recursos também são usados para atribuir relação de causa e efeito entre dois ou mais segmentos. Isso ocorre nas opções abaixo, EXCETO em  \n',NULL),(9,2,1,'A possível instalação de uma estação do metrô na avenida Angélica e a reação por parte de moradores de Higienópolis gerou muita polêmica e manifestações, que foram veiculadas na mídia impressa e virtual. Assinale a opção, cuja manifestação NÃO constitui uma ironia. ',NULL),(10,2,1,'Embora todas as opções estejam respaldadas no texto, a crítica mais abrangente da autora às revistas dirigidas às mulheres da classe C deve-se ao fato de tais revistas',NULL),(11,2,1,'Para a autora, um bom texto é aquele que \nI.	explicita ao máximo as informações para o leitor. \nII.	leva o leitor a procurar outras fontes de informação. \nIII.	possibilita a reflexão do leitor. \nIV.	necessita de pouco tempo para ser lido e compreendido. \nEstá correto o que se afirma apenas em',NULL),(12,2,1,'Das opções abaixo, a única que NÃO apresenta linguagem informal é',NULL),(13,2,1,'Considere as seguintes afirmações relativas a aspectos sintático-semânticos do texto \nI.	A chamada “perdi 20 quilos só comendo linhaça” foi interpretada como  “perdi 20 quilos comendo só linhaça”. \nII.	Nos dois últimos parágrafos, há recorrência de períodos fragmentados em que faltam as orações principais. \nIII.	Devido à estrutura da frase “Que mostrassem como é possível se vestir bem gastando pouco, sem se importar com marcas”, o segundo período ficaria melhor se fosse assim: “sem se importassem com marcas”. \nEstá correto o que se afirma apenas em',NULL),(14,2,1,'Os Textos 1 e 2 dialogam, por abordarem',NULL),(15,2,1,'O texto abaixo é o início da obra Dom Casmurro, de Machado de Assis. \nUma noite dessas, vindo da cidade para o Engenho Novo, encontrei no trem da Central um rapaz aqui do bairro, que eu conheço de vista e de chapéu. Cumprimentou-me, sentou-se ao pé de mim, falou da lua e dos ministros, e acabou recitando-me versos. A viagem era curta, e os versos pode ser que não fossem inteiramente maus. Sucedeu, porém, que, como eu estava cansado, fechei os olhos três ou quatro vezes; tanto bastou para que ele interrompesse a leitura e metesse os versos no bolso. \n[...] No dia seguinte entrou a dizer de mim nomes feios, e acabou alcunhando-me Dom Casmurro. Os vizinhos, que não gostam dos meus hábitos reclusos e calados, deram curso à alcunha, que afinal pegou. \n[...] Não consultes dicionários. Casmurro não está aqui no sentido que eles lhe dão, mas no que lhe pôs o vulgo de homem calado e metido consigo. Dom veio por ironia, para atribuir-me fumos de fidalgo. Tudo por \n10 	estar cochilando! Também não achei melhor título para a minha narração; se não tiver outro daqui até ao fim do livro, vai este mesmo. \n\nConsidere as afirmações abaixo referentes ao trecho, articuladas ao romance:\nI.	O narrador já apresenta seu estilo irônico de narrar. \nII.	O narrador assume uma alcunha que o caracteriza ao longo do enredo. \nIII.	Os eventos narrados no trecho inicial desencadeiam o conflito central da obra. \nIV.	O título Dom Casmurro não caracteriza adequadamente o personagem Bentinho. \nEstão corretas apenas ',NULL),(16,2,1,'O trecho anterior, relacionado ao enredo do romance, cria um cenário que prepara o leitor para o conflito entre:',NULL),(17,2,1,'No contexto da obra, a personificação da natureza \nI.	descreve um cenário fiel ao ambiente natural. \nII.	exibe a grandiosidade da natureza do país. \nIII.	antecipa as características determinantes dos dois protagonistas masculinos. \nEstá correto o que se afirma apenas em ',NULL),(18,2,1,'Considere o poema abaixo, de Ana Cristina César (1952-1983).\nO título do poema está relacionado ao eu-lírico por um conflito de natureza\nFisionomia \nnão é mentira é outra \na dor que dói em mim \né um projeto \nde passeio \nem círculo \num malogro \ndo objeto em \nfoco a \nintensidade de\nluz de tarde \nno jardim é \noutra a dor \nque dói',NULL),(19,2,1,'Com base no poema, a única opção que NÃO contempla a proposta modernista é',NULL),(20,2,1,'O título do poema “Crackar”, relacionado ao romance, \nI.	 revela o comportamento do personagem. \nII.	 é próprio do contexto sócio-econômico da época. \nIII. afeta diretamente a vida do personagem. \nEstá correto o que se afirma em',NULL),(21,2,1,'Considere as correlações entre o Texto 1 e a tirinha expostas abaixo.\nI.	O personagem que fala tem uma postura semelhante à de parte de moradores de Higienópolis em relação às pessoas que representariam a “gente diferenciada”. \nII.	Os personagens que se encontram fora do carro no segundo quadro corresponderiam à “gente diferenciada” a que se refere parte dos moradores de Higienópolis. \nIII.	No segundo quadro, o carro seria comparável aos muros e fortalezas que separam parte dos moradores de Higienópolis do “Brasil real”. \nEstão corretas:','C:UsersRenatoDesktopimagens A+ita2012questao29portugues.jpg'),(22,8,1,'Para estar adequada ao contexto em que aparece, a palavra effective (linha 1), deve ser acrescida de',NULL),(23,8,1,'A opção que descreve a palavra empathy é',NULL),(24,8,1,'Segundo o texto,',NULL),(25,8,1,'Segundo o texto, a ideia de infinito',NULL),(26,8,1,'Sobre as inúmeras ideias e paradoxos relativos ao infinito, o texto informa que',NULL),(27,8,1,'De acordo com o texto,',NULL),(28,8,1,'From that point on (linha 13), refere-se a',NULL),(29,8,1,'Na sentença They would keep on developing until they were far more intelligent than we are (linhas 14 e\n15), o vocábulo grifado poderia ser substituído por',NULL),(30,8,1,'As lacunas I e II devem ser preenchidas, respectivamente, por','C:UsersRenatoDesktopimagens A+ita2012questao910111213ingles.jpg'),(31,8,1,'Assinale a opção que indica a relação das palavras cabbage e carrots com o restante do anúncio.','C:UsersRenatoDesktopimagens A+ita2012questao910111213ingles.jpg'),(32,8,1,'A opção que traduz the company’s long-term transport needs (linha 3) é','C:UsersRenatoDesktopimagens A+ita2012questao910111213ingles.jpg'),(33,8,1,'Que tipo de serviço é anunciado pela GE Capital?','C:UsersRenatoDesktopimagens A+ita2012questao910111213ingles.jpg'),(34,8,1,'Segundo o texto, é possível afirmar que','C:UsersRenatoDesktopimagens A+ita2012questao131415161718ingles.jpg'),(35,8,1,'Segundo o texto, a ISI é uma organização','C:UsersRenatoDesktopimagens A+ita2012questao131415161718ingles.jpg'),(36,8,1,'A opção cujo significado mais se aproxima do vocábulo peeved (linha 6) é','C:UsersRenatoDesktopimagens A+ita2012questao131415161718ingles.jpg'),(37,8,1,'A palavra casualties (linha 11)','C:UsersRenatoDesktopimagens A+ita2012questao131415161718ingles.jpg'),(38,8,1,'A sentença I cannot go on defending myself forever, even when I am not doing what I am blamed for\n(linhas 6 e 7), sugere que aquele que a pronunciou','C:UsersRenatoDesktopimagens A+ita2012questao131415161718ingles.jpg'),(39,8,1,'A opção que corresponde à expressão the puppeteer has gotten caught in the strings (linha 14) é','C:UsersRenatoDesktopimagens A+ita2012questao131415161718ingles.jpg'),(40,8,1,'Segundo o texto, Ai Weiwei','C:UsersRenatoDesktopimagens A+ita2012questao1920ingles.jpg'),(41,8,1,'Segundo o texto,','C:UsersRenatoDesktopimagens A+ita2012questao1920ingles.jpg'),(54,3,1,'Uma amostra de 2×10?2 g de um determinado composto orgânico é dissolvida em 300 mL de água \na 25 °C, resultando numa solução de pressão osmótica 0,027 atm. Pode-se afirmar, então, que o composto orgânico é o(a)',NULL),(55,3,1,'Considere as seguintes afirmações:\nI.  Aldeídos podem ser oxidados a ácidos carboxílicos. II.  Alcanos reagem com haletos de hidrogênio.\nIII.  Aminas formam sais quando reagem com ácidos.\nIV.  Alcenos reagem com álcoois para formar ésteres. Das afirmações acima, está(ão) CORRETA(S) apenas',NULL),(56,3,1,'A reação de sulfonação do naftaleno ocorre por substituição eletrofílica nas posições ? e ? do composto orgânico, de acordo com o diagrama de coordenada\nde reação a 50 °C.\nCom base neste diagrama, são feitas as seguintes afirmações: \nI. A reação de sulfonação do naftaleno é endotérmica.\nII. A posição ? do naftaleno é mais reativa do que a de ?. \nIII. O isômero ? é mais estável que o isômero ?.\nDas afirmações acima, está(ão) CORRETA(S) apenas',NULL),(57,3,1,'Assinale a opção que corresponde, aproximadamente, ao produto de solubilidade do água nas condições-padrão, sendo dados:\nAgCl (c) em Ag + (aq) + e? ? Ag (c);  E? = 0,799 V e   AgCl (c) + e?  ? Ag (c) + Cl ? (aq);  E? = 0,222 V , \nem que\nE? é o potencial do eletrodo em relação ao eletrodo padrão de hidrogênio nas condições-padrão. ',NULL),(58,3,1,'Considere as seguintes misturas (soluto/solvente) na concentração de 10 % em mol de soluto:\nI.  acetona/clorofórmio	\nII. água/etanol	\nIII. água/metanol\nIV. benzeno/tolueno	\nV. n-hexano/n-heptano	\nAssinale a opção que apresenta a(s) mistura(s) para a(s) qual(is) a pressão de vapor do solvente na mistura é aproximadamente igual à sua pressão de vapor quando puro multiplicada pela sua respectiva fração molar.',NULL),(59,3,1,'Considere as seguintes afirmações a respeito dos haletos de hidrogênio HF , HCl, HBr e HI : \nI.  A temperatura de ebulição do HI é maior do que a dos demais.\nII.  À exceção do HF , os haletos de hidrogênio dissociam-se completamente em água.\nIII.  Quando dissolvidos em ácido acético glacial puro, todos se comportam como ácidos, conforme a seguinte ordem de força ácida: HI > HBr > HCl >> HF .\nDas afirmações acima, está(ão) CORRETA(S) apenas',NULL),(60,3,1,'Considere volumes iguais dos gases NH3 , CH 4 e O2  nas CNTP. Assinale a opção que apresenta o(s)\ngás(es) que se comporta(m) idealmente.',NULL),(61,3,1,'A   25 °C,    a   força   eletromotriz   da   seguinte   célula   eletroquímica   é   de   0,45 V: \nPt (s) | H 2 (g, 1 atm) | H( x mol.L  ) || KCl (0,1 mol.L^-1  ) | Hg2Cl2 (s) | Hg  l   Pt (s) . \nSendo o potencial do eletrodo de calomelano –KCl (0,1 mol.L?1 ) | Hg Cl (s) | Hg (l )– nas condições-padrão igual a 0,28 V e  x o valor numérico da concentração dos íons H+, assinale a opção com o valor aproximado do pH da solução.',NULL),(62,3,1,'São  feitas  as  seguintes  afirmações  a  respeito  dos  produtos  formados  preferencialmente  em eletrodos eletroquimicamente inertes durante a eletrólise de sais inorgânicos fundidos ou de soluções aquosas de sais inorgânicos:\nI.  Em CaCl2 (l ) há formação de Ca ( s ) no catodo.\nII.  Na solução aquosa 1×10?3 mol.L?1 emNa2 SO4 há aumento do pH  ao redor do anodo. \nIII.  Na solução aquosa 1mol.L?1 em AgNO3 há formação de O2 ( g ) no anodo. \nIV.  Em NaBr (l ) há formação de Br2 (l ) no anodo. \nDas afirmações acima, está(ão) ERRADA(S) apenas',NULL),(63,3,1,'São feitas as seguintes afirmações em relação à isomeria de compostos orgânicos:\nI.  O 2-cloro-butano apresenta dois isômeros óticos. II.  O n-butano apresenta isômeros conformacionais.\nIII.  O metil-ciclo-propano e o ciclo-butano são isômeros estruturais. \nIV.  O alceno de fórmula molecular C4 H8 apresenta um total de três isômeros. \nV.  O alcano de fórmula molecular C5 H12 apresenta um total de dois isômeros.\nDas afirmações acima, está(ão) CORRETA(S) apenas',NULL),(64,3,1,'Considere as reações representadas pelas seguintes equações químicas:\nI. C (s) + 2H 2 ( g ) ? CH 4 ( g )\nII. N2O( g ) ? N2 ( g ) + 1 2 O2 ( g )\nIII. 2 NI3 (s) ? N2 ( g ) + 3I2 ( g )\nIV. 2O3 ( g ) ? 3O2 ( g )\nAssinale a opção que apresenta a(s) reação(ões) química(s) na(s) qual(is) há uma variação negativa de entropia.',NULL),(65,3,1,'Assinale a opção que indica o polímero da borracha natural.',NULL),(66,3,1,'Assinale a opção que apresenta os compostos nitrogenados em ordem crescente de número de oxidação do átomo de nitrogênio.',NULL),(67,3,1,'A figura representa a curva de aquecimento de uma amostra, em que S, L e G  significam, respectivamente, sólido, líquido e gasoso. Com base nas informações da figura é CORRETO afirmar que a amostra consiste em uma',NULL),(68,3,1,'Considere os seguintes pares de moléculas:\nI.  LiCl e KCl                                                \nII. AlCl3  e PCl3\nIII. NCl3  e AsCl3 \nAssinale a opção com as três moléculas que, cada uma no seu respectivo par, apresentam ligações com o maior caráter covalente.',NULL),(69,3,1,'São descritos três experimentos (I, II e III) utilizando-se em cada um 30 mL de uma solução aquosa saturada, com corpo de fundo de cloreto de prata, em um béquer de 50 mL a 25 °C e 1 atm:\nI.  Adiciona-se certa quantidade de uma solução aquosa 1 mol.L?1 em cloreto de sódio. \nII.  Borbulha-se sulfeto de hidrogênio gasoso na solução por certo período de tempo.\nIII.  Adiciona-se certa quantidade de uma solução aquosa 1 mol.L?1   em nitrato de prata.\nEm  relação  aos  resultados  observados  após  atingir  o  equilíbrio,  assinale  a  opção  que  apresenta  o(s)\nexperimento(s) no(s) qual(is) houve aumento da quantidade de sólido.',NULL),(70,3,1,'Assinale a opção com a resina polimérica que mais reduz o coeficiente de atrito entre duas superfícies sólidas.',NULL),(71,3,1,'Considere uma amostra aquosa em equilíbrio a 60 °C, com pH de 6,5, a respeito da qual são feitas as seguintes afirmações:\nI.  A amostra pode ser composta de água pura.\nII.  A concentração molar de H3O é igual à concentração de OH. \nIII.  O pH da amostra não varia com a temperatura.\nIV.  A constante de ionização da amostra depende da temperatura. \nV.  A  amostra  pode  ser  uma  solução  aquosa 0,1mol.L?1 em H2CO3 ,  considerando  que  a  constante  de \ndissociação do H2CO3  é da ordem de 1×10. \nDas afirmações acima está(ão) CORRETA(S) apenas',NULL);
/*!40000 ALTER TABLE pergunta ENABLE KEYS */;
--UNLOCK TABLES;

--
-- Table structure for table perguntaprova
--

DROP TABLE IF EXISTS perguntaprova;
/*!40101 SET @saved_cs_client     = @@character_set_client */;
/*!40101 SET character_set_client = utf8 */;
CREATE TABLE perguntaprova (
  id_prova int NOT NULL IDENTITY,
  id_pergunta int NOT NULL,
  id_perguntaprova int NOT NULL,
  PRIMARY KEY (id_prova)
) ;
/*!40101 SET character_set_client = @saved_cs_client */;

--
-- Dumping data for table perguntaprova
--

--LOCK TABLES perguntaprova WRITE;
/*!40000 ALTER TABLE perguntaprova DISABLE KEYS */;
/*!40000 ALTER TABLE perguntaprova ENABLE KEYS */;
--UNLOCK TABLES;

--
-- Table structure for table pertence
--

DROP TABLE IF EXISTS pertence;
/*!40101 SET @saved_cs_client     = @@character_set_client */;
/*!40101 SET character_set_client = utf8 */;
CREATE TABLE pertence (
  id_pergunta int NOT NULL,
  id_texto int NOT NULL
) ;
/*!40101 SET character_set_client = @saved_cs_client */;

--
-- Dumping data for table pertence
--

--LOCK TABLES pertence WRITE;
/*!40000 ALTER TABLE pertence DISABLE KEYS */;
/*!40000 ALTER TABLE pertence ENABLE KEYS */;
--UNLOCK TABLES;

--
-- Table structure for table possui
--

DROP TABLE IF EXISTS possui;
/*!40101 SET @saved_cs_client     = @@character_set_client */;
/*!40101 SET character_set_client = utf8 */;
CREATE TABLE possui (
  id_alternativaprova int NOT NULL,
  id_pergunta int NOT NULL
) ;
/*!40101 SET character_set_client = @saved_cs_client */;

--
-- Dumping data for table possui
--

--LOCK TABLES possui WRITE;
/*!40000 ALTER TABLE possui DISABLE KEYS */;
/*!40000 ALTER TABLE possui ENABLE KEYS */;
--UNLOCK TABLES;

--
-- Table structure for table ser
--

DROP TABLE IF EXISTS ser;
/*!40101 SET @saved_cs_client     = @@character_set_client */;
/*!40101 SET character_set_client = utf8 */;
CREATE TABLE ser (
  id_pergunta int NOT NULL,
  id_disciplina int NOT NULL
) ;
/*!40101 SET character_set_client = @saved_cs_client */;

--
-- Dumping data for table ser
--

--LOCK TABLES ser WRITE;
/*!40000 ALTER TABLE ser DISABLE KEYS */;
/*!40000 ALTER TABLE ser ENABLE KEYS */;
--UNLOCK TABLES;

--
-- Table structure for table texto
--

DROP TABLE IF EXISTS texto;
/*!40101 SET @saved_cs_client     = @@character_set_client */;
/*!40101 SET character_set_client = utf8 */;
CREATE TABLE texto (
  id_texto int NOT NULL IDENTITY,
  id_pergunta int NOT NULL,
  texto text NOT NULL,
  id_disciplina int NOT NULL,
  PRIMARY KEY (id_texto)
) ;
/*!40101 SET character_set_client = @saved_cs_client */;

--
-- Dumping data for table texto
--
DROP TABLE IF EXISTS universidade;
/*!40101 SET @saved_cs_client     = @@character_set_client */;
/*!40101 SET character_set_client = utf8 */;
CREATE TABLE universidade (
  id_universidade int NOT NULL IDENTITY,
  nome varchar(30) DEFAULT NULL,
  Estado varchar(2) NOT NULL DEFAULT 'SP',
  PRIMARY KEY (id_universidade)
) ;
INSERT INTO universidade VALUES ('ITA','SP'),('UNICAMP','SP'),('FUVEST','SP'),('ENEM','SP');
--LOCK TABLES texto WRITE;
/*!40000 ALTER TABLE texto DISABLE KEYS */;
--INSERT INTO texto VALUES (7,7,'Texto 1 \n \n       Moradores de Higienópolis admitiram ao jornal Folha de S. Paulo que a abertura de uma estação de metrô na avenida Angélica traria “gente diferenciada” ao bairro. Não é difícil imaginar que alguns vizinhos do Morumbi compartilhem esse medo e prefiram o isolamento garantido com a inexistência de transporte público de massa por ali. \n       Mas à parte o gosto exacerbado dos paulistanos por levantar muros, erguer fortalezas e se refugiar em ambientes distantes do Brasil real, o poder público não fez a sua parte em desmentir que a chegada do transporte de massas não degrade a paisagem urbana. \nEnrique Peñalosa, ex-prefeito de Bogotá, na Colômbia, e grande especialista em transporte coletivo,       diz que não basta criar corredores de ônibus bem asfaltados e servidos por diversas linhas. Abrigos \n	confortáveis, boa iluminação, calçamento, limpeza e paisagismo que circundam estações de metrô ou pontos de ônibus precisam mostrar o status que o transporte público tem em uma determinada cidade. \nSe no entorno do ponto de ônibus, a calçada está esburacada, há sujeira e a escuridão afugenta pessoas à noite, é normal que moradores não queiram a chegada do transporte de massa. \nA instalação de linhas de monotrilho ou de corredores de ônibus precisa vitaminar uma área, não destruí-la. \nQuando as grades da Nove de Julho foram retiradas, a avenida ficou menos tétrica, quase bonita. Quando o corredor da Rebouças fez pontos muito modestos, que acumulam diversos ônibus sem dar vazão a desembarques, a imagem do engarrafamento e da bagunça vira um desastre de relações públicas. \nEm Istambul, monotrilhos foram instalados no nível da rua, como os “trams” das cidades alemãs e suíças. Mesmo em uma cidade de 16 milhões de habitantes na Turquia, país emergente como o Brasil, houve cuidado com os abrigos feitos de vidro, com os bancos caprichados – em formato de livro – e com a iluminação. Restou menos espaço para os carros porque a idéia ali era tentar convencer na marra os motoristas a deixarem mais seus carros em casa e usarem o transporte público. \n Se os monotrilhos do Morumbi, de fato, se parecerem com um Minhocão*, o Godzilla do centro de São Paulo, os moradores deveriam protestar, pedindo melhorias no projeto, detalhamento dos materiais, condições e impacto dos trilhos na paisagem urbana. Se forem como os antigos bondes, ótimo. \nMas se os moradores simplesmente recusarem qualquer ampliação do transporte público, que beneficiará diretamente os milhares de prestadores de serviço que precisam trabalhar na região do Morumbi, vai ser difícil acreditar que o problema deles não seja a gente diferenciada que precisa circular por São Paulo. (Raul Justes Lores. Folha de S. Paulo, 07/10/2010. Adaptado.) \n     Elevado Presidente Costa e Silva, ou Minhocão, é uma via expressa que liga o Centro à Zona Oeste da cidade de São Paulo',2),(2,1,'TEXTO 1       Moradores de Higienópolis admitiram ao jornal Folha de S. Paulo que a abertura de uma estação de metrô na avenida Angélica traria “gente diferenciada” ao bairro. Não é difícil imaginar que alguns vizinhos do Morumbi compartilhem esse medo e prefiram o isolamento garantido com a inexistência de transporte público de massa por ali. \n       Mas à parte o gosto exacerbado dos paulistanos por levantar muros, erguer fortalezas e se refugiar em ambientes distantes do Brasil real, o poder público não fez a sua parte em desmentir que a chegada do transporte de massas não degrade a paisagem urbana. \nEnrique Peñalosa, ex-prefeito de Bogotá, na Colômbia, e grande especialista em transporte coletivo,       diz que não basta criar corredores de ônibus bem asfaltados e servidos por diversas linhas. Abrigos \n	confortáveis, boa iluminação, calçamento, limpeza e paisagismo que circundam estações de metrô ou pontos de ônibus precisam mostrar o status que o transporte público tem em uma determinada cidade. \nSe no entorno do ponto de ônibus, a calçada está esburacada, há sujeira e a escuridão afugenta pessoas à noite, é normal que moradores não queiram a chegada do transporte de massa. \nA instalação de linhas de monotrilho ou de corredores de ônibus precisa vitaminar uma área, não destruí-la. \nQuando as grades da Nove de Julho foram retiradas, a avenida ficou menos tétrica, quase bonita. Quando o corredor da Rebouças fez pontos muito modestos, que acumulam diversos ônibus sem dar vazão a desembarques, a imagem do engarrafamento e da bagunça vira um desastre de relações públicas. \nEm Istambul, monotrilhos foram instalados no nível da rua, como os “trams” das cidades alemãs e suíças. Mesmo em uma cidade de 16 milhões de habitantes na Turquia, país emergente como o Brasil, houve cuidado com os abrigos feitos de vidro, com os bancos caprichados – em formato de livro – e com a iluminação. Restou menos espaço para os carros porque a idéia ali era tentar convencer na marra os motoristas a deixarem mais seus carros em casa e usarem o transporte público. \n Se os monotrilhos do Morumbi, de fato, se parecerem com um Minhocão*, o Godzilla do centro de São Paulo, os moradores deveriam protestar, pedindo melhorias no projeto, detalhamento dos materiais, condições e impacto dos trilhos na paisagem urbana. Se forem como os antigos bondes, ótimo. \nMas se os moradores simplesmente recusarem qualquer ampliação do transporte público, que beneficiará diretamente os milhares de prestadores de serviço que precisam trabalhar na região do Morumbi, vai ser difícil acreditar que o problema deles não seja a gente diferenciada que precisa circular por São Paulo. (Raul Justes Lores. Folha de S. Paulo, 07/10/2010. Adaptado.) \n     Elevado Presidente Costa e Silva, ou Minhocão, é uma via expressa que liga o Centro à Zona Oeste da cidade de São Paulo',2),(3,2,'TEXTO 1       Moradores de Higienópolis admitiram ao jornal Folha de S. Paulo que a abertura de uma estação de metrô na avenida Angélica traria “gente diferenciada” ao bairro. Não é difícil imaginar que alguns vizinhos do Morumbi compartilhem esse medo e prefiram o isolamento garantido com a inexistência de transporte público de massa por ali. \n       Mas à parte o gosto exacerbado dos paulistanos por levantar muros, erguer fortalezas e se refugiar em ambientes distantes do Brasil real, o poder público não fez a sua parte em desmentir que a chegada do transporte de massas não degrade a paisagem urbana. \nEnrique Peñalosa, ex-prefeito de Bogotá, na Colômbia, e grande especialista em transporte coletivo,       diz que não basta criar corredores de ônibus bem asfaltados e servidos por diversas linhas. Abrigos \n	confortáveis, boa iluminação, calçamento, limpeza e paisagismo que circundam estações de metrô ou pontos de ônibus precisam mostrar o status que o transporte público tem em uma determinada cidade. \nSe no entorno do ponto de ônibus, a calçada está esburacada, há sujeira e a escuridão afugenta pessoas à noite, é normal que moradores não queiram a chegada do transporte de massa. \nA instalação de linhas de monotrilho ou de corredores de ônibus precisa vitaminar uma área, não destruí-la. \nQuando as grades da Nove de Julho foram retiradas, a avenida ficou menos tétrica, quase bonita. Quando o corredor da Rebouças fez pontos muito modestos, que acumulam diversos ônibus sem dar vazão a desembarques, a imagem do engarrafamento e da bagunça vira um desastre de relações públicas. \nEm Istambul, monotrilhos foram instalados no nível da rua, como os “trams” das cidades alemãs e suíças. Mesmo em uma cidade de 16 milhões de habitantes na Turquia, país emergente como o Brasil, houve cuidado com os abrigos feitos de vidro, com os bancos caprichados – em formato de livro – e com a iluminação. Restou menos espaço para os carros porque a idéia ali era tentar convencer na marra os motoristas a deixarem mais seus carros em casa e usarem o transporte público. \n Se os monotrilhos do Morumbi, de fato, se parecerem com um Minhocão*, o Godzilla do centro de São Paulo, os moradores deveriam protestar, pedindo melhorias no projeto, detalhamento dos materiais, condições e impacto dos trilhos na paisagem urbana. Se forem como os antigos bondes, ótimo. \nMas se os moradores simplesmente recusarem qualquer ampliação do transporte público, que beneficiará diretamente os milhares de prestadores de serviço que precisam trabalhar na região do Morumbi, vai ser difícil acreditar que o problema deles não seja a gente diferenciada que precisa circular por São Paulo. (Raul Justes Lores. Folha de S. Paulo, 07/10/2010. Adaptado.) \n     Elevado Presidente Costa e Silva, ou Minhocão, é uma via expressa que liga o Centro à Zona Oeste da cidade de São Paulo',2),(4,3,'TEXTO 1       Moradores de Higienópolis admitiram ao jornal Folha de S. Paulo que a abertura de uma estação de metrô na avenida Angélica traria “gente diferenciada” ao bairro. Não é difícil imaginar que alguns vizinhos do Morumbi compartilhem esse medo e prefiram o isolamento garantido com a inexistência de transporte público de massa por ali. \n       Mas à parte o gosto exacerbado dos paulistanos por levantar muros, erguer fortalezas e se refugiar em ambientes distantes do Brasil real, o poder público não fez a sua parte em desmentir que a chegada do transporte de massas não degrade a paisagem urbana. \nEnrique Peñalosa, ex-prefeito de Bogotá, na Colômbia, e grande especialista em transporte coletivo,       diz que não basta criar corredores de ônibus bem asfaltados e servidos por diversas linhas. Abrigos \n	confortáveis, boa iluminação, calçamento, limpeza e paisagismo que circundam estações de metrô ou pontos de ônibus precisam mostrar o status que o transporte público tem em uma determinada cidade. \nSe no entorno do ponto de ônibus, a calçada está esburacada, há sujeira e a escuridão afugenta pessoas à noite, é normal que moradores não queiram a chegada do transporte de massa. \nA instalação de linhas de monotrilho ou de corredores de ônibus precisa vitaminar uma área, não destruí-la. \nQuando as grades da Nove de Julho foram retiradas, a avenida ficou menos tétrica, quase bonita. Quando o corredor da Rebouças fez pontos muito modestos, que acumulam diversos ônibus sem dar vazão a desembarques, a imagem do engarrafamento e da bagunça vira um desastre de relações públicas. \nEm Istambul, monotrilhos foram instalados no nível da rua, como os “trams” das cidades alemãs e suíças. Mesmo em uma cidade de 16 milhões de habitantes na Turquia, país emergente como o Brasil, houve cuidado com os abrigos feitos de vidro, com os bancos caprichados – em formato de livro – e com a iluminação. Restou menos espaço para os carros porque a idéia ali era tentar convencer na marra os motoristas a deixarem mais seus carros em casa e usarem o transporte público. \n Se os monotrilhos do Morumbi, de fato, se parecerem com um Minhocão*, o Godzilla do centro de São Paulo, os moradores deveriam protestar, pedindo melhorias no projeto, detalhamento dos materiais, condições e impacto dos trilhos na paisagem urbana. Se forem como os antigos bondes, ótimo. \nMas se os moradores simplesmente recusarem qualquer ampliação do transporte público, que beneficiará diretamente os milhares de prestadores de serviço que precisam trabalhar na região do Morumbi, vai ser difícil acreditar que o problema deles não seja a gente diferenciada que precisa circular por São Paulo. (Raul Justes Lores. Folha de S. Paulo, 07/10/2010. Adaptado.) \n     Elevado Presidente Costa e Silva, ou Minhocão, é uma via expressa que liga o Centro à Zona Oeste da cidade de São Paulo',2),(5,4,'TEXTO 1       Moradores de Higienópolis admitiram ao jornal Folha de S. Paulo que a abertura de uma estação de metrô na avenida Angélica traria “gente diferenciada” ao bairro. Não é difícil imaginar que alguns vizinhos do Morumbi compartilhem esse medo e prefiram o isolamento garantido com a inexistência de transporte público de massa por ali. \n       Mas à parte o gosto exacerbado dos paulistanos por levantar muros, erguer fortalezas e se refugiar em ambientes distantes do Brasil real, o poder público não fez a sua parte em desmentir que a chegada do transporte de massas não degrade a paisagem urbana. \nEnrique Peñalosa, ex-prefeito de Bogotá, na Colômbia, e grande especialista em transporte coletivo,       diz que não basta criar corredores de ônibus bem asfaltados e servidos por diversas linhas. Abrigos \n	confortáveis, boa iluminação, calçamento, limpeza e paisagismo que circundam estações de metrô ou pontos de ônibus precisam mostrar o status que o transporte público tem em uma determinada cidade. \nSe no entorno do ponto de ônibus, a calçada está esburacada, há sujeira e a escuridão afugenta pessoas à noite, é normal que moradores não queiram a chegada do transporte de massa. \nA instalação de linhas de monotrilho ou de corredores de ônibus precisa vitaminar uma área, não destruí-la. \nQuando as grades da Nove de Julho foram retiradas, a avenida ficou menos tétrica, quase bonita. Quando o corredor da Rebouças fez pontos muito modestos, que acumulam diversos ônibus sem dar vazão a desembarques, a imagem do engarrafamento e da bagunça vira um desastre de relações públicas. \nEm Istambul, monotrilhos foram instalados no nível da rua, como os “trams” das cidades alemãs e suíças. Mesmo em uma cidade de 16 milhões de habitantes na Turquia, país emergente como o Brasil, houve cuidado com os abrigos feitos de vidro, com os bancos caprichados – em formato de livro – e com a iluminação. Restou menos espaço para os carros porque a idéia ali era tentar convencer na marra os motoristas a deixarem mais seus carros em casa e usarem o transporte público. \n Se os monotrilhos do Morumbi, de fato, se parecerem com um Minhocão*, o Godzilla do centro de São Paulo, os moradores deveriam protestar, pedindo melhorias no projeto, detalhamento dos materiais, condições e impacto dos trilhos na paisagem urbana. Se forem como os antigos bondes, ótimo. \nMas se os moradores simplesmente recusarem qualquer ampliação do transporte público, que beneficiará diretamente os milhares de prestadores de serviço que precisam trabalhar na região do Morumbi, vai ser difícil acreditar que o problema deles não seja a gente diferenciada que precisa circular por São Paulo. (Raul Justes Lores. Folha de S. Paulo, 07/10/2010. Adaptado.) \n     Elevado Presidente Costa e Silva, ou Minhocão, é uma via expressa que liga o Centro à Zona Oeste da cidade de São Paulo',2),(6,5,'TEXTO 1       Moradores de Higienópolis admitiram ao jornal Folha de S. Paulo que a abertura de uma estação de metrô na avenida Angélica traria “gente diferenciada” ao bairro. Não é difícil imaginar que alguns vizinhos do Morumbi compartilhem esse medo e prefiram o isolamento garantido com a inexistência de transporte público de massa por ali. \n       Mas à parte o gosto exacerbado dos paulistanos por levantar muros, erguer fortalezas e se refugiar em ambientes distantes do Brasil real, o poder público não fez a sua parte em desmentir que a chegada do transporte de massas não degrade a paisagem urbana. \nEnrique Peñalosa, ex-prefeito de Bogotá, na Colômbia, e grande especialista em transporte coletivo,       diz que não basta criar corredores de ônibus bem asfaltados e servidos por diversas linhas. Abrigos \n	confortáveis, boa iluminação, calçamento, limpeza e paisagismo que circundam estações de metrô ou pontos de ônibus precisam mostrar o status que o transporte público tem em uma determinada cidade. \nSe no entorno do ponto de ônibus, a calçada está esburacada, há sujeira e a escuridão afugenta pessoas à noite, é normal que moradores não queiram a chegada do transporte de massa. \nA instalação de linhas de monotrilho ou de corredores de ônibus precisa vitaminar uma área, não destruí-la. \nQuando as grades da Nove de Julho foram retiradas, a avenida ficou menos tétrica, quase bonita. Quando o corredor da Rebouças fez pontos muito modestos, que acumulam diversos ônibus sem dar vazão a desembarques, a imagem do engarrafamento e da bagunça vira um desastre de relações públicas. \nEm Istambul, monotrilhos foram instalados no nível da rua, como os “trams” das cidades alemãs e suíças. Mesmo em uma cidade de 16 milhões de habitantes na Turquia, país emergente como o Brasil, houve cuidado com os abrigos feitos de vidro, com os bancos caprichados – em formato de livro – e com a iluminação. Restou menos espaço para os carros porque a idéia ali era tentar convencer na marra os motoristas a deixarem mais seus carros em casa e usarem o transporte público. \n Se os monotrilhos do Morumbi, de fato, se parecerem com um Minhocão*, o Godzilla do centro de São Paulo, os moradores deveriam protestar, pedindo melhorias no projeto, detalhamento dos materiais, condições e impacto dos trilhos na paisagem urbana. Se forem como os antigos bondes, ótimo. \nMas se os moradores simplesmente recusarem qualquer ampliação do transporte público, que beneficiará diretamente os milhares de prestadores de serviço que precisam trabalhar na região do Morumbi, vai ser difícil acreditar que o problema deles não seja a gente diferenciada que precisa circular por São Paulo. (Raul Justes Lores. Folha de S. Paulo, 07/10/2010. Adaptado.) \n     Elevado Presidente Costa e Silva, ou Minhocão, é uma via expressa que liga o Centro à Zona Oeste da cidade de São Paulo',2),(8,8,'Texto 1 \n \n       Moradores de Higienópolis admitiram ao jornal Folha de S. Paulo que a abertura de uma estação de metrô na avenida Angélica traria “gente diferenciada” ao bairro. Não é difícil imaginar que alguns vizinhos do Morumbi compartilhem esse medo e prefiram o isolamento garantido com a inexistência de transporte público de massa por ali. \n       Mas à parte o gosto exacerbado dos paulistanos por levantar muros, erguer fortalezas e se refugiar em ambientes distantes do Brasil real, o poder público não fez a sua parte em desmentir que a chegada do transporte de massas não degrade a paisagem urbana. \nEnrique Peñalosa, ex-prefeito de Bogotá, na Colômbia, e grande especialista em transporte coletivo,       diz que não basta criar corredores de ônibus bem asfaltados e servidos por diversas linhas. Abrigos \n	confortáveis, boa iluminação, calçamento, limpeza e paisagismo que circundam estações de metrô ou pontos de ônibus precisam mostrar o status que o transporte público tem em uma determinada cidade. \nSe no entorno do ponto de ônibus, a calçada está esburacada, há sujeira e a escuridão afugenta pessoas à noite, é normal que moradores não queiram a chegada do transporte de massa. \nA instalação de linhas de monotrilho ou de corredores de ônibus precisa vitaminar uma área, não destruí-la. \nQuando as grades da Nove de Julho foram retiradas, a avenida ficou menos tétrica, quase bonita. Quando o corredor da Rebouças fez pontos muito modestos, que acumulam diversos ônibus sem dar vazão a desembarques, a imagem do engarrafamento e da bagunça vira um desastre de relações públicas. \nEm Istambul, monotrilhos foram instalados no nível da rua, como os “trams” das cidades alemãs e suíças. Mesmo em uma cidade de 16 milhões de habitantes na Turquia, país emergente como o Brasil, houve cuidado com os abrigos feitos de vidro, com os bancos caprichados – em formato de livro – e com a iluminação. Restou menos espaço para os carros porque a idéia ali era tentar convencer na marra os motoristas a deixarem mais seus carros em casa e usarem o transporte público. \n Se os monotrilhos do Morumbi, de fato, se parecerem com um Minhocão*, o Godzilla do centro de São Paulo, os moradores deveriam protestar, pedindo melhorias no projeto, detalhamento dos materiais, condições e impacto dos trilhos na paisagem urbana. Se forem como os antigos bondes, ótimo. \nMas se os moradores simplesmente recusarem qualquer ampliação do transporte público, que beneficiará diretamente os milhares de prestadores de serviço que precisam trabalhar na região do Morumbi, vai ser difícil acreditar que o problema deles não seja a gente diferenciada que precisa circular por São Paulo. (Raul Justes Lores. Folha de S. Paulo, 07/10/2010. Adaptado.) \n     Elevado Presidente Costa e Silva, ou Minhocão, é uma via expressa que liga o Centro à Zona Oeste da cidade de São Paulo',2),(9,10,'Texto 2\nGosto de olhar as capas das revistas populares no supermercado nestes tempos de corrida do ouro da classe C. A classe C é uma versão sem neve e de biquíni do Yukon do tio Patinhas quando jovem pato. Lembro do futuro milionário disneyano enfrentando a nevasca para obter suas primeiras patacas. Era preciso conquistar aquele território com a mesma sofreguidão com que se busca, agora, fincar a bandeira do consumo no seio dos emergentes brasileiros. \nEm termos jornalísticos, é sempre aquela concepção de não oferecer o biscoito fino para a massa. É preciso dar o que a classe C quer ler – ou o que se convencionou a pensar que ela quer ler. Daí as políticas de didatismo nas redações, com o objetivo de deixar o texto mastigado para o leitor e tornar estanque a informação dada ali. Como se não fosse interessante que, ao não compreender algo, ele fosse beber em outras fontes. Hoje, com a Internet, é facílimo, está ao alcance da vista de quase todo mundo. \nOutro aspecto é seguir ao pé da letra o que dizem as pesquisas na hora de confeccionar uma revista popular. Tomemos como exemplo a pesquisa feita por uma grande editora sobre “a mulher da classe C” ou “nova classe média”. Lá, ficamos sabendo que: a mulher da classe C vai consumir cada vez mais artigos de decoração e vai investir na reforma de casa; que ela gasta muito com beleza, sobretudo o cabelo; que está \npreocupada com a alimentação; e que quer ascender social e profissionalmente. É com base nestes números que a editora oferece o produto – a revista – ao mercado de anunciantes. Normal. \nMas no que se transformam, para o leitor, estes dados? Preocupação com alimentação? Dietas amalucadas? A principal chamada de capa destas revistas é alguma coisa esdrúxula como: “perdi 30 kg com fibras naturais”, “sequei 22 quilos com cápsulas de centelha asiática”, “emagreci 27 kg com florais de Bach e colágeno”, “fiquei magra com a dieta da aveia” ou “perdi 20 quilos só comendo linhaça”. Pelo amor de Deus, quem é que vai passar o dia comendo linhaça? Estão confundindo a classe C com passarinho, só pode. \nQuer reformar a casa? Nada de dicas de decoração baratas e de bom gosto. O objetivo é ensinar como tomar empréstimo e comprar móveis em parcelas. Ou então alguma coisa “criativa” que ninguém vai fazer, tipo uma parede toda de filtros de café usados. Juro que li isso. A parte de ascensão profissional vem em matérias como “fiquei famosa vendendo bombons de chocolate feitos em casa” ou “lucro 2500 reais por mês com meus doces”. Falar das possibilidades de voltar a estudar, de ter uma carreira ou se especializar para ser promovido no trabalho? Nada. Dicas culturais de leitura, filmes, música, então, nem pensar. \nCada vez que vejo pesquisas dizendo que a mídia impressa está em baixa penso nestas revistas. A internet oferece grátis à classe C um cardápio ainda pobre, mas bem mais farto. Será que a nova classe média quer realmente ler estas revistas? A vendagem delas é razoável, mas nada impressionante. São todas inspiradas nas revistas populares inglesas, cuja campeã é a “Take a Break”. A fórmula é a mesma de uma “Sou + Eu”: dietas, histórias reais de sucesso ou escabrosas e distribuição de prêmios. Além deste tipo de abordagem também fazem sucesso as publicações de fofocas de celebridades ou sobre programas de TV – aqui, as novelas. \nSei que deve ser utopia, mas gostaria de ver publicações para a classe C que ensinassem as pessoas a se alimentar melhor, que mostrassem como a obesidade anda perigosa no Brasil porque se come mal. Atacando, inclusive, refrigerantes, redes de fast food e guloseimas, sem se preocupar em perder anunciantes. Que priorizassem não as dietas, mas a educação alimentar e a importância de fazer exercícios e de levar uma vida saudável. Gostaria de ver reportagens ensinando as mulheres da classe C a se sentirem bem com seu próprio cabelo, muitas vezes cacheado, em vez de simplesmente copiarem as famosas. Que mostrassem como é possível se vestir bem gastando pouco, sem se importar com marcas. \nGostaria de ler reportagens nas revistas para a classe C alertando os pais para que vejam menos televisão e convivam mais com os filhos. Que falassem da necessidade de tirar as crianças do computador e de levá-las para passear ao ar livre. Que tivessem dicas de livros, notícias sobre o mundo, ciências, artes – é possível transformar tudo isso em informação acessível e não apenas para conhecedores, como se a cultura fosse patrimônio das classes A e B. Gostaria, enfim, de ver revistas populares que fossem feitas para ler de verdade, e que fizessem refletir. Mas a quem interessa que a classe C tenha suas próprias ideias? (Cynara Menezes, 15/07/2011, em: http://www.cartacapital.com.br/politica/o-que-quer-a-classe-c)',2),(10,11,'Texto 2\nGosto de olhar as capas das revistas populares no supermercado nestes tempos de corrida do ouro da classe C. A classe C é uma versão sem neve e de biquíni do Yukon do tio Patinhas quando jovem pato. Lembro do futuro milionário disneyano enfrentando a nevasca para obter suas primeiras patacas. Era preciso conquistar aquele território com a mesma sofreguidão com que se busca, agora, fincar a bandeira do consumo no seio dos emergentes brasileiros. \nEm termos jornalísticos, é sempre aquela concepção de não oferecer o biscoito fino para a massa. É preciso dar o que a classe C quer ler – ou o que se convencionou a pensar que ela quer ler. Daí as políticas de didatismo nas redações, com o objetivo de deixar o texto mastigado para o leitor e tornar estanque a informação dada ali. Como se não fosse interessante que, ao não compreender algo, ele fosse beber em outras fontes. Hoje, com a Internet, é facílimo, está ao alcance da vista de quase todo mundo. \nOutro aspecto é seguir ao pé da letra o que dizem as pesquisas na hora de confeccionar uma revista popular. Tomemos como exemplo a pesquisa feita por uma grande editora sobre “a mulher da classe C” ou “nova classe média”. Lá, ficamos sabendo que: a mulher da classe C vai consumir cada vez mais artigos de decoração e vai investir na reforma de casa; que ela gasta muito com beleza, sobretudo o cabelo; que está \npreocupada com a alimentação; e que quer ascender social e profissionalmente. É com base nestes números que a editora oferece o produto – a revista – ao mercado de anunciantes. Normal. \nMas no que se transformam, para o leitor, estes dados? Preocupação com alimentação? Dietas amalucadas? A principal chamada de capa destas revistas é alguma coisa esdrúxula como: “perdi 30 kg com fibras naturais”, “sequei 22 quilos com cápsulas de centelha asiática”, “emagreci 27 kg com florais de Bach e colágeno”, “fiquei magra com a dieta da aveia” ou “perdi 20 quilos só comendo linhaça”. Pelo amor de Deus, quem é que vai passar o dia comendo linhaça? Estão confundindo a classe C com passarinho, só pode. \nQuer reformar a casa? Nada de dicas de decoração baratas e de bom gosto. O objetivo é ensinar como tomar empréstimo e comprar móveis em parcelas. Ou então alguma coisa “criativa” que ninguém vai fazer, tipo uma parede toda de filtros de café usados. Juro que li isso. A parte de ascensão profissional vem em matérias como “fiquei famosa vendendo bombons de chocolate feitos em casa” ou “lucro 2500 reais por mês com meus doces”. Falar das possibilidades de voltar a estudar, de ter uma carreira ou se especializar para ser promovido no trabalho? Nada. Dicas culturais de leitura, filmes, música, então, nem pensar. \nCada vez que vejo pesquisas dizendo que a mídia impressa está em baixa penso nestas revistas. A internet oferece grátis à classe C um cardápio ainda pobre, mas bem mais farto. Será que a nova classe média quer realmente ler estas revistas? A vendagem delas é razoável, mas nada impressionante. São todas inspiradas nas revistas populares inglesas, cuja campeã é a “Take a Break”. A fórmula é a mesma de uma “Sou + Eu”: dietas, histórias reais de sucesso ou escabrosas e distribuição de prêmios. Além deste tipo de abordagem também fazem sucesso as publicações de fofocas de celebridades ou sobre programas de TV – aqui, as novelas. \nSei que deve ser utopia, mas gostaria de ver publicações para a classe C que ensinassem as pessoas a se alimentar melhor, que mostrassem como a obesidade anda perigosa no Brasil porque se come mal. Atacando, inclusive, refrigerantes, redes de fast food e guloseimas, sem se preocupar em perder anunciantes. Que priorizassem não as dietas, mas a educação alimentar e a importância de fazer exercícios e de levar uma vida saudável. Gostaria de ver reportagens ensinando as mulheres da classe C a se sentirem bem com seu próprio cabelo, muitas vezes cacheado, em vez de simplesmente copiarem as famosas. Que mostrassem como é possível se vestir bem gastando pouco, sem se importar com marcas. \nGostaria de ler reportagens nas revistas para a classe C alertando os pais para que vejam menos televisão e convivam mais com os filhos. Que falassem da necessidade de tirar as crianças do computador e de levá-las para passear ao ar livre. Que tivessem dicas de livros, notícias sobre o mundo, ciências, artes – é possível transformar tudo isso em informação acessível e não apenas para conhecedores, como se a cultura fosse patrimônio das classes A e B. Gostaria, enfim, de ver revistas populares que fossem feitas para ler de verdade, e que fizessem refletir. Mas a quem interessa que a classe C tenha suas próprias ideias? (Cynara Menezes, 15/07/2011, em: http://www.cartacapital.com.br/politica/o-que-quer-a-classe-c)',2),(11,12,'Texto 2\nGosto de olhar as capas das revistas populares no supermercado nestes tempos de corrida do ouro da classe C. A classe C é uma versão sem neve e de biquíni do Yukon do tio Patinhas quando jovem pato. Lembro do futuro milionário disneyano enfrentando a nevasca para obter suas primeiras patacas. Era preciso conquistar aquele território com a mesma sofreguidão com que se busca, agora, fincar a bandeira do consumo no seio dos emergentes brasileiros. \nEm termos jornalísticos, é sempre aquela concepção de não oferecer o biscoito fino para a massa. É preciso dar o que a classe C quer ler – ou o que se convencionou a pensar que ela quer ler. Daí as políticas de didatismo nas redações, com o objetivo de deixar o texto mastigado para o leitor e tornar estanque a informação dada ali. Como se não fosse interessante que, ao não compreender algo, ele fosse beber em outras fontes. Hoje, com a Internet, é facílimo, está ao alcance da vista de quase todo mundo. \nOutro aspecto é seguir ao pé da letra o que dizem as pesquisas na hora de confeccionar uma revista popular. Tomemos como exemplo a pesquisa feita por uma grande editora sobre “a mulher da classe C” ou “nova classe média”. Lá, ficamos sabendo que: a mulher da classe C vai consumir cada vez mais artigos de decoração e vai investir na reforma de casa; que ela gasta muito com beleza, sobretudo o cabelo; que está \npreocupada com a alimentação; e que quer ascender social e profissionalmente. É com base nestes números que a editora oferece o produto – a revista – ao mercado de anunciantes. Normal. \nMas no que se transformam, para o leitor, estes dados? Preocupação com alimentação? Dietas amalucadas? A principal chamada de capa destas revistas é alguma coisa esdrúxula como: “perdi 30 kg com fibras naturais”, “sequei 22 quilos com cápsulas de centelha asiática”, “emagreci 27 kg com florais de Bach e colágeno”, “fiquei magra com a dieta da aveia” ou “perdi 20 quilos só comendo linhaça”. Pelo amor de Deus, quem é que vai passar o dia comendo linhaça? Estão confundindo a classe C com passarinho, só pode. \nQuer reformar a casa? Nada de dicas de decoração baratas e de bom gosto. O objetivo é ensinar como tomar empréstimo e comprar móveis em parcelas. Ou então alguma coisa “criativa” que ninguém vai fazer, tipo uma parede toda de filtros de café usados. Juro que li isso. A parte de ascensão profissional vem em matérias como “fiquei famosa vendendo bombons de chocolate feitos em casa” ou “lucro 2500 reais por mês com meus doces”. Falar das possibilidades de voltar a estudar, de ter uma carreira ou se especializar para ser promovido no trabalho? Nada. Dicas culturais de leitura, filmes, música, então, nem pensar. \nCada vez que vejo pesquisas dizendo que a mídia impressa está em baixa penso nestas revistas. A internet oferece grátis à classe C um cardápio ainda pobre, mas bem mais farto. Será que a nova classe média quer realmente ler estas revistas? A vendagem delas é razoável, mas nada impressionante. São todas inspiradas nas revistas populares inglesas, cuja campeã é a “Take a Break”. A fórmula é a mesma de uma “Sou + Eu”: dietas, histórias reais de sucesso ou escabrosas e distribuição de prêmios. Além deste tipo de abordagem também fazem sucesso as publicações de fofocas de celebridades ou sobre programas de TV – aqui, as novelas. \nSei que deve ser utopia, mas gostaria de ver publicações para a classe C que ensinassem as pessoas a se alimentar melhor, que mostrassem como a obesidade anda perigosa no Brasil porque se come mal. Atacando, inclusive, refrigerantes, redes de fast food e guloseimas, sem se preocupar em perder anunciantes. Que priorizassem não as dietas, mas a educação alimentar e a importância de fazer exercícios e de levar uma vida saudável. Gostaria de ver reportagens ensinando as mulheres da classe C a se sentirem bem com seu próprio cabelo, muitas vezes cacheado, em vez de simplesmente copiarem as famosas. Que mostrassem como é possível se vestir bem gastando pouco, sem se importar com marcas. \nGostaria de ler reportagens nas revistas para a classe C alertando os pais para que vejam menos televisão e convivam mais com os filhos. Que falassem da necessidade de tirar as crianças do computador e de levá-las para passear ao ar livre. Que tivessem dicas de livros, notícias sobre o mundo, ciências, artes – é possível transformar tudo isso em informação acessível e não apenas para conhecedores, como se a cultura fosse patrimônio das classes A e B. Gostaria, enfim, de ver revistas populares que fossem feitas para ler de verdade, e que fizessem refletir. Mas a quem interessa que a classe C tenha suas próprias ideias? (Cynara Menezes, 15/07/2011, em: http://www.cartacapital.com.br/politica/o-que-quer-a-classe-c)',2),(12,13,'Texto 2\nGosto de olhar as capas das revistas populares no supermercado nestes tempos de corrida do ouro da classe C. A classe C é uma versão sem neve e de biquíni do Yukon do tio Patinhas quando jovem pato. Lembro do futuro milionário disneyano enfrentando a nevasca para obter suas primeiras patacas. Era preciso conquistar aquele território com a mesma sofreguidão com que se busca, agora, fincar a bandeira do consumo no seio dos emergentes brasileiros. \nEm termos jornalísticos, é sempre aquela concepção de não oferecer o biscoito fino para a massa. É preciso dar o que a classe C quer ler – ou o que se convencionou a pensar que ela quer ler. Daí as políticas de didatismo nas redações, com o objetivo de deixar o texto mastigado para o leitor e tornar estanque a informação dada ali. Como se não fosse interessante que, ao não compreender algo, ele fosse beber em outras fontes. Hoje, com a Internet, é facílimo, está ao alcance da vista de quase todo mundo. \nOutro aspecto é seguir ao pé da letra o que dizem as pesquisas na hora de confeccionar uma revista popular. Tomemos como exemplo a pesquisa feita por uma grande editora sobre “a mulher da classe C” ou “nova classe média”. Lá, ficamos sabendo que: a mulher da classe C vai consumir cada vez mais artigos de decoração e vai investir na reforma de casa; que ela gasta muito com beleza, sobretudo o cabelo; que está \npreocupada com a alimentação; e que quer ascender social e profissionalmente. É com base nestes números que a editora oferece o produto – a revista – ao mercado de anunciantes. Normal. \nMas no que se transformam, para o leitor, estes dados? Preocupação com alimentação? Dietas amalucadas? A principal chamada de capa destas revistas é alguma coisa esdrúxula como: “perdi 30 kg com fibras naturais”, “sequei 22 quilos com cápsulas de centelha asiática”, “emagreci 27 kg com florais de Bach e colágeno”, “fiquei magra com a dieta da aveia” ou “perdi 20 quilos só comendo linhaça”. Pelo amor de Deus, quem é que vai passar o dia comendo linhaça? Estão confundindo a classe C com passarinho, só pode. \nQuer reformar a casa? Nada de dicas de decoração baratas e de bom gosto. O objetivo é ensinar como tomar empréstimo e comprar móveis em parcelas. Ou então alguma coisa “criativa” que ninguém vai fazer, tipo uma parede toda de filtros de café usados. Juro que li isso. A parte de ascensão profissional vem em matérias como “fiquei famosa vendendo bombons de chocolate feitos em casa” ou “lucro 2500 reais por mês com meus doces”. Falar das possibilidades de voltar a estudar, de ter uma carreira ou se especializar para ser promovido no trabalho? Nada. Dicas culturais de leitura, filmes, música, então, nem pensar. \nCada vez que vejo pesquisas dizendo que a mídia impressa está em baixa penso nestas revistas. A internet oferece grátis à classe C um cardápio ainda pobre, mas bem mais farto. Será que a nova classe média quer realmente ler estas revistas? A vendagem delas é razoável, mas nada impressionante. São todas inspiradas nas revistas populares inglesas, cuja campeã é a “Take a Break”. A fórmula é a mesma de uma “Sou + Eu”: dietas, histórias reais de sucesso ou escabrosas e distribuição de prêmios. Além deste tipo de abordagem também fazem sucesso as publicações de fofocas de celebridades ou sobre programas de TV – aqui, as novelas. \nSei que deve ser utopia, mas gostaria de ver publicações para a classe C que ensinassem as pessoas a se alimentar melhor, que mostrassem como a obesidade anda perigosa no Brasil porque se come mal. Atacando, inclusive, refrigerantes, redes de fast food e guloseimas, sem se preocupar em perder anunciantes. Que priorizassem não as dietas, mas a educação alimentar e a importância de fazer exercícios e de levar uma vida saudável. Gostaria de ver reportagens ensinando as mulheres da classe C a se sentirem bem com seu próprio cabelo, muitas vezes cacheado, em vez de simplesmente copiarem as famosas. Que mostrassem como é possível se vestir bem gastando pouco, sem se importar com marcas. \nGostaria de ler reportagens nas revistas para a classe C alertando os pais para que vejam menos televisão e convivam mais com os filhos. Que falassem da necessidade de tirar as crianças do computador e de levá-las para passear ao ar livre. Que tivessem dicas de livros, notícias sobre o mundo, ciências, artes – é possível transformar tudo isso em informação acessível e não apenas para conhecedores, como se a cultura fosse patrimônio das classes A e B. Gostaria, enfim, de ver revistas populares que fossem feitas para ler de verdade, e que fizessem refletir. Mas a quem interessa que a classe C tenha suas próprias ideias? (Cynara Menezes, 15/07/2011, em: http://www.cartacapital.com.br/politica/o-que-quer-a-classe-c)',2),(13,14,'Texto 2\nGosto de olhar as capas das revistas populares no supermercado nestes tempos de corrida do ouro da classe C. A classe C é uma versão sem neve e de biquíni do Yukon do tio Patinhas quando jovem pato. Lembro do futuro milionário disneyano enfrentando a nevasca para obter suas primeiras patacas. Era preciso conquistar aquele território com a mesma sofreguidão com que se busca, agora, fincar a bandeira do consumo no seio dos emergentes brasileiros. \nEm termos jornalísticos, é sempre aquela concepção de não oferecer o biscoito fino para a massa. É preciso dar o que a classe C quer ler – ou o que se convencionou a pensar que ela quer ler. Daí as políticas de didatismo nas redações, com o objetivo de deixar o texto mastigado para o leitor e tornar estanque a informação dada ali. Como se não fosse interessante que, ao não compreender algo, ele fosse beber em outras fontes. Hoje, com a Internet, é facílimo, está ao alcance da vista de quase todo mundo. \nOutro aspecto é seguir ao pé da letra o que dizem as pesquisas na hora de confeccionar uma revista popular. Tomemos como exemplo a pesquisa feita por uma grande editora sobre “a mulher da classe C” ou “nova classe média”. Lá, ficamos sabendo que: a mulher da classe C vai consumir cada vez mais artigos de decoração e vai investir na reforma de casa; que ela gasta muito com beleza, sobretudo o cabelo; que está \npreocupada com a alimentação; e que quer ascender social e profissionalmente. É com base nestes números que a editora oferece o produto – a revista – ao mercado de anunciantes. Normal. \nMas no que se transformam, para o leitor, estes dados? Preocupação com alimentação? Dietas amalucadas? A principal chamada de capa destas revistas é alguma coisa esdrúxula como: “perdi 30 kg com fibras naturais”, “sequei 22 quilos com cápsulas de centelha asiática”, “emagreci 27 kg com florais de Bach e colágeno”, “fiquei magra com a dieta da aveia” ou “perdi 20 quilos só comendo linhaça”. Pelo amor de Deus, quem é que vai passar o dia comendo linhaça? Estão confundindo a classe C com passarinho, só pode. \nQuer reformar a casa? Nada de dicas de decoração baratas e de bom gosto. O objetivo é ensinar como tomar empréstimo e comprar móveis em parcelas. Ou então alguma coisa “criativa” que ninguém vai fazer, tipo uma parede toda de filtros de café usados. Juro que li isso. A parte de ascensão profissional vem em matérias como “fiquei famosa vendendo bombons de chocolate feitos em casa” ou “lucro 2500 reais por mês com meus doces”. Falar das possibilidades de voltar a estudar, de ter uma carreira ou se especializar para ser promovido no trabalho? Nada. Dicas culturais de leitura, filmes, música, então, nem pensar. \nCada vez que vejo pesquisas dizendo que a mídia impressa está em baixa penso nestas revistas. A internet oferece grátis à classe C um cardápio ainda pobre, mas bem mais farto. Será que a nova classe média quer realmente ler estas revistas? A vendagem delas é razoável, mas nada impressionante. São todas inspiradas nas revistas populares inglesas, cuja campeã é a “Take a Break”. A fórmula é a mesma de uma “Sou + Eu”: dietas, histórias reais de sucesso ou escabrosas e distribuição de prêmios. Além deste tipo de abordagem também fazem sucesso as publicações de fofocas de celebridades ou sobre programas de TV – aqui, as novelas. \nSei que deve ser utopia, mas gostaria de ver publicações para a classe C que ensinassem as pessoas a se alimentar melhor, que mostrassem como a obesidade anda perigosa no Brasil porque se come mal. Atacando, inclusive, refrigerantes, redes de fast food e guloseimas, sem se preocupar em perder anunciantes. Que priorizassem não as dietas, mas a educação alimentar e a importância de fazer exercícios e de levar uma vida saudável. Gostaria de ver reportagens ensinando as mulheres da classe C a se sentirem bem com seu próprio cabelo, muitas vezes cacheado, em vez de simplesmente copiarem as famosas. Que mostrassem como é possível se vestir bem gastando pouco, sem se importar com marcas. \nGostaria de ler reportagens nas revistas para a classe C alertando os pais para que vejam menos televisão e convivam mais com os filhos. Que falassem da necessidade de tirar as crianças do computador e de levá-las para passear ao ar livre. Que tivessem dicas de livros, notícias sobre o mundo, ciências, artes – é possível transformar tudo isso em informação acessível e não apenas para conhecedores, como se a cultura fosse patrimônio das classes A e B. Gostaria, enfim, de ver revistas populares que fossem feitas para ler de verdade, e que fizessem refletir. Mas a quem interessa que a classe C tenha suas próprias ideias? (Cynara Menezes, 15/07/2011, em: http://www.cartacapital.com.br/politica/o-que-quer-a-classe-c)',2),(14,14,'Texto 1 \nMoradores de Higienópolis admitiram ao jornal Folha de S. Paulo que a abertura de uma estação de metrô na avenida Angélica traria “gente diferenciada” ao bairro. Não é difícil imaginar que alguns vizinhos do Morumbi compartilhem esse medo e prefiram o isolamento garantido com a inexistência de transporte público de massa por ali. \nMas à parte o gosto exacerbado dos paulistanos por levantar muros, erguer fortalezas e se refugiar em ambientes distantes do Brasil real, o poder público não fez a sua parte em desmentir que a chegada do transporte de massas não degrade a paisagem urbana. \nEnrique Peñalosa, ex-prefeito de Bogotá, na Colômbia, e grande especialista em transporte coletivo,       diz que não basta criar corredores de ônibus bem asfaltados e servidos por diversas linhas. Abrigos \nconfortáveis, boa iluminação, calçamento, limpeza e paisagismo que circundam estações de metrô ou pontos de ônibus precisam mostrar o status que o transporte público tem em uma determinada cidade. \nSe no entorno do ponto de ônibus, a calçada está esburacada, há sujeira e a escuridão afugenta pessoas à noite, é normal que moradores não queiram a chegada do transporte de massa. \nA instalação de linhas de monotrilho ou de corredores de ônibus precisa vitaminar uma área, não destruí-la. \nQuando as grades da Nove de Julho foram retiradas, a avenida ficou menos tétrica, quase bonita. Quando o corredor da Rebouças fez pontos muito modestos, que acumulam diversos ônibus sem dar vazão a desembarques, a imagem do engarrafamento e da bagunça vira um desastre de relações públicas. \nEm Istambul, monotrilhos foram instalados no nível da rua, como os “trams” das cidades alemãs e suíças. Mesmo em uma cidade de 16 milhões de habitantes na Turquia, país emergente como o Brasil, houve cuidado com os abrigos feitos de vidro, com os bancos caprichados – em formato de livro – e com a iluminação. Restou menos espaço para os carros porque a idéia ali era tentar convencer na marra os motoristas a deixarem mais seus carros em casa e usarem o transporte público. \n Se os monotrilhos do Morumbi, de fato, se parecerem com um Minhocão*, o Godzilla do centro de São Paulo, os moradores deveriam protestar, pedindo melhorias no projeto, detalhamento dos materiais, condições e impacto dos trilhos na paisagem urbana. Se forem como os antigos bondes, ótimo. \nMas se os moradores simplesmente recusarem qualquer ampliação do transporte público, que beneficiará diretamente os milhares de prestadores de serviço que precisam trabalhar na região do Morumbi, vai ser difícil acreditar que o problema deles não seja a gente diferenciada que precisa circular por São Paulo. (Raul Justes Lores. Folha de S. Paulo, 07/10/2010. Adaptado.) \nElevado Presidente Costa e Silva, ou Minhocão, é uma via expressa que liga o Centro à Zona Oeste da cidade de São Paulo.(*)',2),(15,16,'De um dos cabeços da Serra dos Órgãos desliza um fio de água que se dirige para o norte, e engrossado com os mananciais, que recebe no seu curso de dez léguas, torna-se rio caudal. \nÉ o Paquequer: saltando de cascata em cascata, enroscando-se como uma serpente, vai depois se espreguiçar na várzea e embeber no Paraíba, que rola majestosamente em seu vasto leito. \nDir-se-ia que, vassalo e tributário desse rei das águas, o pequeno rio, altivo e sobranceiro contra os rochedos, curva-se humildemente aos pés do suserano. Perde então a beleza selvática; suas ondas são calmas e serenas como as de um lago, e não se revoltam contra os barcos e as canoas que resvalam sobre elas: escravo submisso, sofre o látego* do senhor. \nNão é neste lugar que ele deve ser visto; sim três ou quatro léguas acima de sua foz, onde é livre ainda, como o filho indômito desta pátria da liberdade. \nAí, Paquequer lança-se rápido sobre o seu leito, e atravessa as florestas como o tapir, espumando, deixando o pelo esparso pelas pontas do rochedo, e enchendo a solidão com o estampido de sua carreira. De repente, falta-lhe o espaço, foge-lhe a terra; o soberbo rio recua um momento para concentrar as suas forças, e precipita-se de um só arremesso, como o tigre sobre a presa. (José de Alencar. O Guarani.) (*) látego: chicote ',2),(16,17,'De um dos cabeços da Serra dos Órgãos desliza um fio de água que se dirige para o norte, e engrossado com os mananciais, que recebe no seu curso de dez léguas, torna-se rio caudal. \nÉ o Paquequer: saltando de cascata em cascata, enroscando-se como uma serpente, vai depois se espreguiçar na várzea e embeber no Paraíba, que rola majestosamente em seu vasto leito. \nDir-se-ia que, vassalo e tributário desse rei das águas, o pequeno rio, altivo e sobranceiro contra os rochedos, curva-se humildemente aos pés do suserano. Perde então a beleza selvática; suas ondas são calmas e serenas como as de um lago, e não se revoltam contra os barcos e as canoas que resvalam sobre elas: escravo submisso, sofre o látego* do senhor. \nNão é neste lugar que ele deve ser visto; sim três ou quatro léguas acima de sua foz, onde é livre ainda, como o filho indômito desta pátria da liberdade. \nAí, Paquequer lança-se rápido sobre o seu leito, e atravessa as florestas como o tapir, espumando, deixando o pelo esparso pelas pontas do rochedo, e enchendo a solidão com o estampido de sua carreira. De repente, falta-lhe o espaço, foge-lhe a terra; o soberbo rio recua um momento para concentrar as suas forças, e precipita-se de um só arremesso, como o tigre sobre a presa. (José de Alencar. O Guarani.) (*) látego: chicote ',2),(17,19,'Verbo crackar \n \nEu empobreço de repente \nTu enriqueces por minha causa \nEle azula para o sertão \nNós entramos em concordata \nVós protestais por preferência \nEles escafedem a massa \n 	 	 	 	 	 \nSê pirata \n 	 	 	 	 	Sede trouxa \n \nAbrindo o pala \nPessoal sarado. \n \nOxalá que eu tivesse sabido que esse verbo era irregular. \nAzula: foge \nAbrindo o pala: escapando \nSarado: valentão, abusado',2),(18,20,'Verbo crackar \n \nEu empobreço de repente \nTu enriqueces por minha causa \nEle azula para o sertão \nNós entramos em concordata \nVós protestais por preferência \nEles escafedem a massa \n 	 	 	 	 	 \nSê pirata \n 	 	 	 	 	Sede trouxa \n \nAbrindo o pala \nPessoal sarado. \n \nOxalá que eu tivesse sabido que esse verbo era irregular. \nAzula: foge \nAbrindo o pala: escapando \nSarado: valentão, abusado',2),(31,29,'Thursday, Feb. 10, 2011\n2045: The Year Man Becomes Immortal\nBy Lev Grossman\n(…), Kurzweil believes that we’re approaching a moment when computers will become intelligent, and not just intelligent but more intelligent than humans. When that happens, humanity – our bodies, our minds, our civilization – will be completely and irreversibly transformed. He believes that this moment is not only inevitable but imminent. According to his calculations, the end of human civilization as we know it is about 35 years away.\nComputers are getting faster. Everybody knows that. Also, computers are getting faster faster – that is, the rate at which they’re\ngetting faster is increasing. True? True.\nSo if computers are getting so much faster, so incredibly fast, there might conceivably come a moment when they are capable of something comparable to human intelligence. Artificial intelligence. All that horsepower could be put in the service of emulating\nwhatever it is our brains are doing when they create consciousness – not just doing arithmetic very quickly or composing piano music but also driving cars, writing books, making ethical decisions, appreciating fancy paintings, making witty observations at cocktail\nparties.\nIf you can swallow that idea, and Kurzweil and a lot of other very smart people can, then all bets are off. From that point on, there’s no\nreason to think computers would stop getting more powerful. They would keep on developing until they were far more intelligent than\nwe are. Their rate of development would also continue to increase, because they would take over their own development from their slower-thinking human creators. Imagine a computer scientist that was itself a super-intelligent computer. It would work incredibility quickly. It could draw on huge amounts of data effortlessly. It wouldn’t even take breaks to play Farmville.\n(…)http://www.time.com/printout/0,8816,2048138,00.html. Acesso em 07/04/2011. Adaptado.',8),(29,27,'Thursday, Feb. 10, 2011\n2045: The Year Man Becomes Immortal\nBy Lev Grossman\n(…), Kurzweil believes that we’re approaching a moment when computers will become intelligent, and not just intelligent but more intelligent than humans. When that happens, humanity – our bodies, our minds, our civilization – will be completely and irreversibly transformed. He believes that this moment is not only inevitable but imminent. According to his calculations, the end of human civilization as we know it is about 35 years away.\nComputers are getting faster. Everybody knows that. Also, computers are getting faster faster – that is, the rate at which they’re\ngetting faster is increasing. True? True.\nSo if computers are getting so much faster, so incredibly fast, there might conceivably come a moment when they are capable of something comparable to human intelligence. Artificial intelligence. All that horsepower could be put in the service of emulating\nwhatever it is our brains are doing when they create consciousness – not just doing arithmetic very quickly or composing piano music but also driving cars, writing books, making ethical decisions, appreciating fancy paintings, making witty observations at cocktail\nparties.\nIf you can swallow that idea, and Kurzweil and a lot of other very smart people can, then all bets are off. From that point on, there’s no\nreason to think computers would stop getting more powerful. They would keep on developing until they were far more intelligent than\nwe are. Their rate of development would also continue to increase, because they would take over their own development from their slower-thinking human creators. Imagine a computer scientist that was itself a super-intelligent computer. It would work incredibility quickly. It could draw on huge amounts of data effortlessly. It wouldn’t even take breaks to play Farmville.\n(…)http://www.time.com/printout/0,8816,2048138,00.html. Acesso em 07/04/2011. Adaptado.',8),(30,28,'Thursday, Feb. 10, 2011\n2045: The Year Man Becomes Immortal\nBy Lev Grossman\n(…), Kurzweil believes that we’re approaching a moment when computers will become intelligent, and not just intelligent but more intelligent than humans. When that happens, humanity – our bodies, our minds, our civilization – will be completely and irreversibly transformed. He believes that this moment is not only inevitable but imminent. According to his calculations, the end of human civilization as we know it is about 35 years away.\nComputers are getting faster. Everybody knows that. Also, computers are getting faster faster – that is, the rate at which they’re\ngetting faster is increasing. True? True.\nSo if computers are getting so much faster, so incredibly fast, there might conceivably come a moment when they are capable of something comparable to human intelligence. Artificial intelligence. All that horsepower could be put in the service of emulating\nwhatever it is our brains are doing when they create consciousness – not just doing arithmetic very quickly or composing piano music but also driving cars, writing books, making ethical decisions, appreciating fancy paintings, making witty observations at cocktail\nparties.\nIf you can swallow that idea, and Kurzweil and a lot of other very smart people can, then all bets are off. From that point on, there’s no\nreason to think computers would stop getting more powerful. They would keep on developing until they were far more intelligent than\nwe are. Their rate of development would also continue to increase, because they would take over their own development from their slower-thinking human creators. Imagine a computer scientist that was itself a super-intelligent computer. It would work incredibility quickly. It could draw on huge amounts of data effortlessly. It wouldn’t even take breaks to play Farmville.\n(…)http://www.time.com/printout/0,8816,2048138,00.html. Acesso em 07/04/2011. Adaptado.',8),(27,25,'THE WORLDS OF INFINITIES\nTo see the world in a grain of sand,\nAnd a heaven in a wildflower;\nHold infinity in the palm of you hand,\nAnd eternity in an hour. – William Blake \nInfinity has stimulated imaginations for thousands of years. It is an idea drawn upon by theologians, poets, artists, philosophers, writers, scientists, mathematicians – an idea that has perplexed and intrigued – an idea that remains illusive. Infinity has taken on different identities in different fields of thought. In early times, the idea of infinity was, rightly or wrongly, linked to large numbers. People of antiquity experienced a feeling of the infinite by gazing at stars and planets or at grains of sand on a beach. Ancient\nphilosophers and mathematicians such as Zeno, Anaxagoras, Democritus, Aristotle, Archimedes pondered, posed and argued the ideas that infinity presented.\nAristotle proposed the ideas of potential and actual infinities. He argued that only potential infinity existed.\nIn The Sand Reckoner Archimedes dispelled the idea that the number of grains of sand on a beach are infinite by actually determining a method for calculating the number on all the beaches of the earth.\nInfinity has been the culprit in many paradoxes. Zeno’s paradoxes of Achilles and the tortoise and the Dichotomy have perplexed\nreaders for centuries. Galileo’s paradoxes dealing with segments, points, and infinite sets should also be noted.\nThe list of mathematicians with their discoveries and uses or misuses of infinity extends through the centuries. (…).\nTexto adaptado de PAPPAS, T. ?The Magic of Mathematics: Discovering the Spell of Mathematics?, 1994.',8),(28,26,'THE WORLDS OF INFINITIES\nTo see the world in a grain of sand,\nAnd a heaven in a wildflower;\nHold infinity in the palm of you hand,\nAnd eternity in an hour. – William Blake \nInfinity has stimulated imaginations for thousands of years. It is an idea drawn upon by theologians, poets, artists, philosophers, writers, scientists, mathematicians – an idea that has perplexed and intrigued – an idea that remains illusive. Infinity has taken on different identities in different fields of thought. In early times, the idea of infinity was, rightly or wrongly, linked to large numbers. People of antiquity experienced a feeling of the infinite by gazing at stars and planets or at grains of sand on a beach. Ancient\nphilosophers and mathematicians such as Zeno, Anaxagoras, Democritus, Aristotle, Archimedes pondered, posed and argued the ideas that infinity presented.\nAristotle proposed the ideas of potential and actual infinities. He argued that only potential infinity existed.\nIn The Sand Reckoner Archimedes dispelled the idea that the number of grains of sand on a beach are infinite by actually determining a method for calculating the number on all the beaches of the earth.\nInfinity has been the culprit in many paradoxes. Zeno’s paradoxes of Achilles and the tortoise and the Dichotomy have perplexed\nreaders for centuries. Galileo’s paradoxes dealing with segments, points, and infinite sets should also be noted.\nThe list of mathematicians with their discoveries and uses or misuses of infinity extends through the centuries. (…).\nTexto adaptado de PAPPAS, T. ?The Magic of Mathematics: Discovering the Spell of Mathematics?, 1994.',8),(26,24,'THURSDAY, DECEMBER 16, 2010.\nNewsweek Article: Bullying and Empathy (Kate Altman, M.S.)\nNewsweek offers an article on how schools are using empathy- training  programs  in  an  effort  to  reduce  bullying  in  schools: http://www.newsweek.com/2010/12/15/can-schools-teach-kids- not-to-bully.html\nThe effective______ of such programs is unclear at this point, \nand experts are divided on whether it makes more sense to offer the programs to young children (elementary school age) or older children (middle school age) (both, is probably the answer). High school kids\nare simply difficult to reach logistically, since they all have different schedules all day. Unsurprisingly, some experts have found that the\nmost  important  component  to  empathy  training  is  to  include  the\nparents.\nIn  assessing  these  programs  and  the  broader  issues  of\nempathy-training and bullying, there are multiple factors to consider and no clear answers. First of all, empathy is one of the most difficult and least-understood skills we can develop – adults and kids alike. Empathy is the process of viewing and understanding the world through another’s experience, and it is often confused with sympathy,\nwhich is, essentially, compassion and lacks the ?walking in another’s shoes? component (which is not to say it is not an admirable trait, it’s\njust different from empathy). Developmentally, children may not be\nable to truly understand and practice empathy until they are closer to the pre-teen years, but introducing the concept early and often is a\ngood primer for its later development.\nAnother big question to consider: are programs focused on\nempathy simply band-aids on much larger, more systemic problems? Why are kids bullying other kids in the first place? What family issues, societal issues, educational issues, are contributing to the need/urge\nto humiliate and attack other children for some sort of personal gain\nand satisfaction? My guess is that for many kids, participating in a brief (or even a few brief) empathy-skills seminars simply is not enough, and will not get at the root(s) of the problems(s), no matter how young they are when the programs begin.\nI’m not saying that the programs are not a good idea. I imagine that they have a lot of benefits and could especially help kids who  would  not  necessarily  be  bullies  themselves,  but  may  have quietly stood by while witnessing bullying, to become more confident about  standing  up  to/reporting  bullies.  However,  to  truly  reduce\nbullying, society and schools need to find ways to identify and work with aggressive children and their families from a young age — to troubleshoot factors (from not having basic needs met, to divorce, to models of aggression in the home, etc.) that contribute to triggering aggressive behavior. Such an approach would be expensive and time-\nconsuming and would command a lot of schools’ resources, but it is hard to imagine a more lightweight approach being nearly as effective.',8),(25,23,'THURSDAY, DECEMBER 16, 2010.\nNewsweek Article: Bullying and Empathy (Kate Altman, M.S.)\nNewsweek offers an article on how schools are using empathy- training  programs  in  an  effort  to  reduce  bullying  in  schools: http://www.newsweek.com/2010/12/15/can-schools-teach-kids- not-to-bully.html\nThe effective______ of such programs is unclear at this point, \nand experts are divided on whether it makes more sense to offer the programs to young children (elementary school age) or older children (middle school age) (both, is probably the answer). High school kids\nare simply difficult to reach logistically, since they all have different schedules all day. Unsurprisingly, some experts have found that the\nmost  important  component  to  empathy  training  is  to  include  the\nparents.\nIn  assessing  these  programs  and  the  broader  issues  of\nempathy-training and bullying, there are multiple factors to consider and no clear answers. First of all, empathy is one of the most difficult and least-understood skills we can develop – adults and kids alike. Empathy is the process of viewing and understanding the world through another’s experience, and it is often confused with sympathy,\nwhich is, essentially, compassion and lacks the ?walking in another’s shoes? component (which is not to say it is not an admirable trait, it’s\njust different from empathy). Developmentally, children may not be\nable to truly understand and practice empathy until they are closer to the pre-teen years, but introducing the concept early and often is a\ngood primer for its later development.\nAnother big question to consider: are programs focused on\nempathy simply band-aids on much larger, more systemic problems? Why are kids bullying other kids in the first place? What family issues, societal issues, educational issues, are contributing to the need/urge\nto humiliate and attack other children for some sort of personal gain\nand satisfaction? My guess is that for many kids, participating in a brief (or even a few brief) empathy-skills seminars simply is not enough, and will not get at the root(s) of the problems(s), no matter how young they are when the programs begin.\nI’m not saying that the programs are not a good idea. I imagine that they have a lot of benefits and could especially help kids who  would  not  necessarily  be  bullies  themselves,  but  may  have quietly stood by while witnessing bullying, to become more confident about  standing  up  to/reporting  bullies.  However,  to  truly  reduce\nbullying, society and schools need to find ways to identify and work with aggressive children and their families from a young age — to troubleshoot factors (from not having basic needs met, to divorce, to models of aggression in the home, etc.) that contribute to triggering aggressive behavior. Such an approach would be expensive and time-\nconsuming and would command a lot of schools’ resources, but it is hard to imagine a more lightweight approach being nearly as effective.',8),(24,22,'THURSDAY, DECEMBER 16, 2010.\nNewsweek Article: Bullying and Empathy (Kate Altman, M.S.)\nNewsweek offers an article on how schools are using empathy- training  programs  in  an  effort  to  reduce  bullying  in  schools: http://www.newsweek.com/2010/12/15/can-schools-teach-kids- not-to-bully.html\nThe effective_____ of such programs is unclear at this point, \nand experts are divided on whether it makes more sense to offer the programs to young children (elementary school age) or older children (middle school age) (both, is probably the answer). High school kids\nare simply difficult to reach logistically, since they all have different schedules all day. Unsurprisingly, some experts have found that the\nmost  important  component  to  empathy  training  is  to  include  the\nparents. In  assessing  these  programs  and  the  broader  issues  of\nempathy-training and bullying, there are multiple factors to consider and no clear answers. First of all, empathy is one of the most difficult and least-understood skills we can develop – adults and kids alike. Empathy is the process of viewing and understanding the world through another’s experience, and it is often confused with sympathy,\nwhich is, essentially, compassion and lacks the ?walking in another’s shoes? component (which is not to say it is not an admirable trait, it’s\njust different from empathy). Developmentally, children may not be\nable to truly understand and practice empathy until they are closer to the pre-teen years, but introducing the concept early and often is a\ngood primer for its later development. Another big question to consider: are programs focused on\nempathy simply band-aids on much larger, more systemic problems? Why are kids bullying other kids in the first place? What family issues, societal issues, educational issues, are contributing to the need/urge\nto humiliate and attack other children for some sort of personal gain\nand satisfaction? My guess is that for many kids, participating in a brief (or even a few brief) empathy-skills seminars simply is not enough, and will not get at the root(s) of the problems(s), no matter how young they are when the programs begin.\nI’m not saying that the programs are not a good idea. I imagine that they have a lot of benefits and could especially help kids who  would  not  necessarily  be  bullies  themselves,  but  may  have quietly stood by while witnessing bullying, to become more confident about  standing  up  to/reporting  bullies.  However,  to  truly  reduce\nbullying, society and schools need to find ways to identify and work with aggressive children and their families from a young age — to troubleshoot factors (from not having basic needs met, to divorce, to models of aggression in the home, etc.) that contribute to triggering aggressive behavior. Such an approach would be expensive and time-\nconsuming and would command a lot of schools’ resources, but it is hard to imagine a more lightweight approach being nearly as effective',8);
/*!40000 ALTER TABLE texto ENABLE KEYS */;
--/*UNLOCK TABLES;*/

--
-- Table structure for table universidade
--

DROP TABLE IF EXISTS universidade;
/*!40101 SET @saved_cs_client     = @@character_set_client */;
/*!40101 SET character_set_client = utf8 */;
CREATE TABLE universidade (
  id_universidade int NOT NULL IDENTITY,
  nome varchar(30) DEFAULT NULL,
  Estado varchar(2) NOT NULL DEFAULT 'SP',
  PRIMARY KEY (id_universidade)
) ;
/*!40101 SET character_set_client = @saved_cs_client */;

--
-- Dumping data for table universidade
--

--LOCK TABLES universidade WRITE;
/*!40000 ALTER TABLE universidade DISABLE KEYS */;
--INSERT INTO universidade VALUES (1,'ITA','SP'),(2,'UNICAMP','SP'),(3,'FUVEST','SP'),(4,'ENEM','SP');
/*!40000 ALTER TABLE universidade ENABLE KEYS */;
--/*UNLOCK TABLES;*/
/*!40103 SET TIME_ZONE=@OLD_TIME_ZONE */;

/*!40101 SET SQL_MODE=@OLD_SQL_MODE */;
/*!40014 SET FOREIGN_KEY_CHECKS=@OLD_FOREIGN_KEY_CHECKS */;
/*!40014 SET UNIQUE_CHECKS=@OLD_UNIQUE_CHECKS */;
/*!40101 SET CHARACTER_SET_CLIENT=@OLD_CHARACTER_SET_CLIENT */;
/*!40101 SET CHARACTER_SET_RESULTS=@OLD_CHARACTER_SET_RESULTS */;
/*!40101 SET COLLATION_CONNECTION=@OLD_COLLATION_CONNECTION */;
/*!40111 SET SQL_NOTES=@OLD_SQL_NOTES */;

-- Dump completed on 2016-08-31 15:02:28
